raw_id,order_id,product,quantity_ordered,price_each,order_date,purchase_address
1,176558,"USB-C Charging Cable",2,11.95,"04/19/19 08:46","917 1st St, Dallas, TX 75001"
2,,,,,,
3,176559,"Bose SoundSport Headphones",1,99.99,"04/07/19 22:30","682 Chestnut St, Boston, MA 02215"
4,176560,"Google Phone",1,600,"04/12/19 14:38","669 Spruce St, Los Angeles, CA 90001"
5,176560,"Wired Headphones",1,11.99,"04/12/19 14:38","669 Spruce St, Los Angeles, CA 90001"
6,176561,"Wired Headphones",1,11.99,"04/30/19 09:27","333 8th St, Los Angeles, CA 90001"
7,176562,"USB-C Charging Cable",1,11.95,"04/29/19 13:03","381 Wilson St, San Francisco, CA 94016"
8,176563,"Bose SoundSport Headphones",1,99.99,"04/02/19 07:46","668 Center St, Seattle, WA 98101"
9,176564,"USB-C Charging Cable",1,11.95,"04/12/19 10:58","790 Ridge St, Atlanta, GA 30301"
10,176565,"Macbook Pro Laptop",1,1700,"04/24/19 10:38","915 Willow St, San Francisco, CA 94016"
11,176566,"Wired Headphones",1,11.99,"04/08/19 14:05","83 7th St, Boston, MA 02215"
12,176567,"Google Phone",1,600,"04/18/19 17:18","444 7th St, Los Angeles, CA 90001"
13,176568,"Lightning Charging Cable",1,14.95,"04/15/19 12:18","438 Elm St, Seattle, WA 98101"
14,176569,"27in 4K Gaming Monitor",1,389.99,"04/16/19 19:23","657 Hill St, Dallas, TX 75001"
15,176570,"AA Batteries (4-pack)",1,3.84,"04/22/19 15:09","186 12th St, Dallas, TX 75001"
16,176571,"Lightning Charging Cable",1,14.95,"04/19/19 14:29","253 Johnson St, Atlanta, GA 30301"
17,176572,"Apple Airpods Headphones",1,150,"04/04/19 20:30","149 Dogwood St, New York City, NY 10001"
18,176573,"USB-C Charging Cable",1,11.95,"04/27/19 18:41","214 Chestnut St, San Francisco, CA 94016"
19,176574,"Google Phone",1,600,"04/03/19 19:42","20 Hill St, Los Angeles, CA 90001"
20,176574,"USB-C Charging Cable",1,11.95,"04/03/19 19:42","20 Hill St, Los Angeles, CA 90001"
21,176575,"AAA Batteries (4-pack)",1,2.99,"04/27/19 00:30","433 Hill St, New York City, NY 10001"
22,176576,"Apple Airpods Headphones",1,150,"04/28/19 11:42","771 Ridge St, Los Angeles, CA 90001"
23,176577,"Apple Airpods Headphones",1,150,"04/04/19 19:25","260 Spruce St, Dallas, TX 75001"
24,176578,"Apple Airpods Headphones",1,150,"04/09/19 23:35","513 Church St, Boston, MA 02215"
25,176579,"AA Batteries (4-pack)",1,3.84,"04/11/19 10:23","886 Jefferson St, New York City, NY 10001"
26,176580,"USB-C Charging Cable",1,11.95,"04/05/19 00:35","886 Willow St, Los Angeles, CA 90001"
27,176581,iPhone,1,700,"04/09/19 21:38","84 Jackson St, Boston, MA 02215"
28,176582,"Bose SoundSport Headphones",1,99.99,"04/27/19 12:20","178 Lincoln St, Atlanta, GA 30301"
29,176583,"AAA Batteries (4-pack)",2,2.99,"04/20/19 12:00","146 Jackson St, Portland, OR 97035"
30,176584,"Flatscreen TV",1,300,"04/24/19 20:39","936 Church St, San Francisco, CA 94016"
31,176585,"Bose SoundSport Headphones",1,99.99,"04/07/19 11:31","823 Highland St, Boston, MA 02215"
32,176585,"Bose SoundSport Headphones",1,99.99,"04/07/19 11:31","823 Highland St, Boston, MA 02215"
33,176586,"AAA Batteries (4-pack)",2,2.99,"04/10/19 17:00","365 Center St, San Francisco, CA 94016"
34,176586,"Google Phone",1,600,"04/10/19 17:00","365 Center St, San Francisco, CA 94016"
35,176587,"27in FHD Monitor",1,149.99,"04/29/19 19:38","557 5th St, Los Angeles, CA 90001"
36,176588,"20in Monitor",1,109.99,"04/02/19 04:00","765 Cherry St, Seattle, WA 98101"
37,176589,"Lightning Charging Cable",1,14.95,"04/04/19 12:23","846 Highland St, Atlanta, GA 30301"
38,176590,"Google Phone",1,600,"04/11/19 11:46","873 6th St, New York City, NY 10001"
39,176591,"Apple Airpods Headphones",1,150,"04/21/19 07:21","600 Maple St, Austin, TX 73301"
40,176592,"USB-C Charging Cable",1,11.95,"04/27/19 13:04","352 4th St, Los Angeles, CA 90001"
41,176593,"Lightning Charging Cable",2,14.95,"04/15/19 13:45","906 7th St, Portland, OR 97035"
42,176594,"Wired Headphones",1,11.99,"04/17/19 23:04","63 Maple St, San Francisco, CA 94016"
43,176595,"Wired Headphones",3,11.99,"04/02/19 09:11","383 6th St, Los Angeles, CA 90001"
44,176596,"Apple Airpods Headphones",1,150,"04/27/19 20:11","572 Meadow St, Dallas, TX 75001"
45,176597,"USB-C Charging Cable",1,11.95,"04/19/19 13:39","681 11th St, San Francisco, CA 94016"
46,176598,"AAA Batteries (4-pack)",2,2.99,"04/21/19 20:33","294 Park St, San Francisco, CA 94016"
47,176599,"Lightning Charging Cable",1,14.95,"04/11/19 15:25","279 Maple St, New York City, NY 10001"
48,176600,"27in 4K Gaming Monitor",1,389.99,"04/30/19 15:54","87 West St, Boston, MA 02215"
49,176601,"USB-C Charging Cable",1,11.95,"04/02/19 22:32","754 10th St, Los Angeles, CA 90001"
50,176602,"Lightning Charging Cable",1,14.95,"04/30/19 09:39","9 Jefferson St, Dallas, TX 75001"
51,176603,"USB-C Charging Cable",1,11.95,"04/01/19 07:46","858 6th St, San Francisco, CA 94016"
52,176604,"USB-C Charging Cable",1,11.95,"04/02/19 10:57","462 11th St, San Francisco, CA 94016"
53,176605,"USB-C Charging Cable",1,11.95,"04/15/19 16:29","717 Pine St, San Francisco, CA 94016"
54,176606,"LG Dryer",1,600.0,"04/21/19 14:16","487 Maple St, San Francisco, CA 94016"
55,176607,"AAA Batteries (4-pack)",2,2.99,"04/18/19 12:11","689 10th St, Boston, MA 02215"
56,176608,iPhone,1,700,"04/11/19 12:01","15 Cherry St, San Francisco, CA 94016"
57,176609,"Apple Airpods Headphones",1,150,"04/11/19 16:59","267 11th St, Austin, TX 73301"
58,176610,"AAA Batteries (4-pack)",1,2.99,"04/26/19 00:40","382 River St, Dallas, TX 75001"
59,176611,"Bose SoundSport Headphones",1,99.99,"04/30/19 13:16","971 Sunset St, San Francisco, CA 94016"
60,176612,"Apple Airpods Headphones",1,150,"04/04/19 19:48","149 North St, Seattle, WA 98101"
61,176613,"USB-C Charging Cable",2,11.95,"04/26/19 18:58","405 4th St, New York City, NY 10001"
62,176614,"AA Batteries (4-pack)",1,3.84,"04/07/19 21:01","647 Jackson St, San Francisco, CA 94016"
63,176615,"Lightning Charging Cable",1,14.95,"04/30/19 10:35","833 River St, Dallas, TX 75001"
64,176616,"USB-C Charging Cable",1,11.95,"04/05/19 20:40","380 Washington St, San Francisco, CA 94016"
65,176617,"Apple Airpods Headphones",1,150,"04/25/19 08:03","319 8th St, Portland, OR 97035"
66,176618,"Lightning Charging Cable",2,14.95,"04/18/19 21:44","273 South St, San Francisco, CA 94016"
67,176619,"Flatscreen TV",1,300,"04/16/19 18:37","116 North St, Los Angeles, CA 90001"
68,176620,"USB-C Charging Cable",1,11.95,"04/17/19 10:39","994 Pine St, Los Angeles, CA 90001"
69,176621,"Lightning Charging Cable",1,14.95,"04/11/19 16:09","863 8th St, Boston, MA 02215"
70,176622,"AA Batteries (4-pack)",1,3.84,"04/11/19 20:16","983 11th St, San Francisco, CA 94016"
71,176623,"27in FHD Monitor",1,149.99,"04/20/19 23:51","807 12th St, Atlanta, GA 30301"
72,176624,"AA Batteries (4-pack)",1,3.84,"04/28/19 10:44","664 Church St, Seattle, WA 98101"
73,176625,"AAA Batteries (4-pack)",2,2.99,"04/24/19 19:00","858 5th St, San Francisco, CA 94016"
74,176626,"Bose SoundSport Headphones",1,99.99,"04/01/19 21:40","491 Chestnut St, Boston, MA 02215"
75,176627,"Wired Headphones",1,11.99,"04/21/19 14:57","994 13th St, Atlanta, GA 30301"
76,176628,"Lightning Charging Cable",2,14.95,"04/15/19 04:03","628 Wilson St, Dallas, TX 75001"
77,176629,"USB-C Charging Cable",1,11.95,"04/24/19 11:56","101 Lincoln St, San Francisco, CA 94016"
78,176630,"Google Phone",1,600,"04/10/19 05:01","770 Maple St, San Francisco, CA 94016"
79,176631,"USB-C Charging Cable",1,11.95,"04/13/19 18:48","292 Dogwood St, San Francisco, CA 94016"
80,176632,"AAA Batteries (4-pack)",1,2.99,"04/14/19 14:28","814 Madison St, San Francisco, CA 94016"
81,176633,"ThinkPad Laptop",1,999.99,"04/23/19 14:03","863 Hickory St, Los Angeles, CA 90001"
82,176634,"Lightning Charging Cable",1,14.95,"04/10/19 08:00","311 Madison St, Atlanta, GA 30301"
83,176635,"Vareebadd Phone",1,400,"04/26/19 09:55","85 North St, San Francisco, CA 94016"
84,176636,"AA Batteries (4-pack)",1,3.84,"04/30/19 20:37","140 10th St, Boston, MA 02215"
85,176637,"AAA Batteries (4-pack)",1,2.99,"04/17/19 10:03","261 Sunset St, New York City, NY 10001"
86,176638,"USB-C Charging Cable",1,11.95,"04/20/19 08:33","869 Cherry St, Boston, MA 02215"
87,176639,"Macbook Pro Laptop",1,1700,"04/28/19 16:14","853 Cedar St, San Francisco, CA 94016"
88,176640,"Wired Headphones",2,11.99,"04/27/19 22:54","164 Lake St, San Francisco, CA 94016"
89,176641,"Lightning Charging Cable",1,14.95,"04/25/19 21:36","655 Sunset St, Boston, MA 02215"
90,176642,"AA Batteries (4-pack)",1,3.84,"04/17/19 18:38","72 Elm St, Portland, OR 97035"
91,176643,"Macbook Pro Laptop",1,1700,"04/27/19 21:32","373 Adams St, Boston, MA 02215"
92,176644,"USB-C Charging Cable",1,11.95,"04/23/19 02:09","962 7th St, Los Angeles, CA 90001"
93,176645,"AAA Batteries (4-pack)",3,2.99,"04/26/19 18:38","514 Lake St, Dallas, TX 75001"
94,176646,"Macbook Pro Laptop",1,1700,"04/22/19 07:14","657 Adams St, Portland, OR 97035"
95,176647,"Google Phone",1,600,"04/21/19 19:40","273 South St, Los Angeles, CA 90001"
96,176648,"27in FHD Monitor",1,149.99,"04/24/19 01:17","732 2nd St, Portland, OR 97035"
97,176649,"USB-C Charging Cable",1,11.95,"04/09/19 08:49","702 11th St, San Francisco, CA 94016"
98,176650,"Lightning Charging Cable",1,14.95,"04/12/19 16:47","153 River St, Boston, MA 02215"
99,176651,iPhone,1,700,"04/07/19 13:14","997 South St, Boston, MA 02215"
100,176652,"LG Washing Machine",1,600.0,"04/09/19 20:04","502 14th St, New York City, NY 10001"
101,176653,"AA Batteries (4-pack)",1,3.84,"04/26/19 19:20","285 Chestnut St, San Francisco, CA 94016"
102,176654,"USB-C Charging Cable",1,11.95,"04/15/19 19:35","880 Lakeview St, Seattle, WA 98101"
103,176655,"Apple Airpods Headphones",1,150,"04/11/19 19:36","848 Center St, San Francisco, CA 94016"
104,176656,"Google Phone",1,600,"04/12/19 16:42","12 Lakeview St, New York City, NY 10001"
105,176657,"ThinkPad Laptop",1,999.99,"04/23/19 10:16","774 Forest St, Los Angeles, CA 90001"
106,176658,"AAA Batteries (4-pack)",2,2.99,"04/22/19 08:51","573 Pine St, San Francisco, CA 94016"
107,176659,"20in Monitor",1,109.99,"04/29/19 14:40","804 Church St, Dallas, TX 75001"
108,176660,"AA Batteries (4-pack)",1,3.84,"04/16/19 17:10","267 West St, Boston, MA 02215"
109,176661,"Wired Headphones",1,11.99,"04/25/19 20:40","522 6th St, Atlanta, GA 30301"
110,176662,"34in Ultrawide Monitor",1,379.99,"04/05/19 12:46","678 Hickory St, Portland, OR 97035"
111,176663,"Bose SoundSport Headphones",1,99.99,"04/05/19 11:48","450 Johnson St, Seattle, WA 98101"
112,176664,"AAA Batteries (4-pack)",1,2.99,"04/13/19 18:59","544 Madison St, Los Angeles, CA 90001"
113,176665,"ThinkPad Laptop",1,999.99,"04/07/19 14:15","927 13th St, Dallas, TX 75001"
114,176666,"Wired Headphones",1,11.99,"04/08/19 16:50","382 Forest St, Seattle, WA 98101"
115,176667,"27in 4K Gaming Monitor",1,389.99,"04/11/19 00:39","92 11th St, Los Angeles, CA 90001"
116,176668,"AA Batteries (4-pack)",1,3.84,"04/15/19 20:46","56 2nd St, Dallas, TX 75001"
117,176669,"27in FHD Monitor",1,149.99,"04/08/19 12:57","506 Jackson St, Dallas, TX 75001"
118,176670,"Apple Airpods Headphones",1,150,"04/25/19 21:23","892 Willow St, San Francisco, CA 94016"
119,176671,"AAA Batteries (4-pack)",2,2.99,"04/23/19 16:31","738 Jefferson St, New York City, NY 10001"
120,176672,"Lightning Charging Cable",1,14.95,"04/12/19 11:07","778 Maple St, New York City, NY 10001"
121,176672,"USB-C Charging Cable",1,11.95,"04/12/19 11:07","778 Maple St, New York City, NY 10001"
122,176673,"20in Monitor",1,109.99,"04/10/19 08:17","952 1st St, Boston, MA 02215"
123,176674,"AAA Batteries (4-pack)",3,2.99,"04/20/19 20:53","907 West St, Austin, TX 73301"
124,176675,"AAA Batteries (4-pack)",1,2.99,"04/02/19 09:02","933 Meadow St, Seattle, WA 98101"
125,176676,"LG Dryer",1,600.0,"04/09/19 00:35","788 Lincoln St, Los Angeles, CA 90001"
126,176677,"34in Ultrawide Monitor",1,379.99,"04/01/19 11:50","661 Washington St, Austin, TX 73301"
127,176678,"AA Batteries (4-pack)",2,3.84,"04/19/19 22:12","345 Sunset St, San Francisco, CA 94016"
128,176679,"Apple Airpods Headphones",1,150,"04/16/19 11:12","245 West St, Boston, MA 02215"
129,176680,"USB-C Charging Cable",1,11.95,"04/13/19 11:28","368 Main St, Los Angeles, CA 90001"
130,176681,"Apple Airpods Headphones",1,150,"04/20/19 10:39","331 Cherry St, Seattle, WA 98101"
131,176681,"ThinkPad Laptop",1,999.99,"04/20/19 10:39","331 Cherry St, Seattle, WA 98101"
132,176682,"Lightning Charging Cable",1,14.95,"04/27/19 06:19","593 Adams St, Boston, MA 02215"
133,176683,"AA Batteries (4-pack)",1,3.84,"04/03/19 13:54","253 Willow St, Los Angeles, CA 90001"
134,176684,"USB-C Charging Cable",1,11.95,"04/17/19 00:51","293 Washington St, Los Angeles, CA 90001"
135,176685,"34in Ultrawide Monitor",1,379.99,"04/23/19 22:53","114 10th St, New York City, NY 10001"
136,176686,"Wired Headphones",1,11.99,"04/17/19 15:17","892 10th St, Austin, TX 73301"
137,176687,"Macbook Pro Laptop",1,1700,"04/30/19 10:26","121 Wilson St, Los Angeles, CA 90001"
138,176688,"Flatscreen TV",1,300,"04/20/19 18:25","229 Church St, San Francisco, CA 94016"
139,176689,"Bose SoundSport Headphones",1,99.99,"04/24/19 17:15","659 Lincoln St, New York City, NY 10001"
140,176689,"AAA Batteries (4-pack)",2,2.99,"04/24/19 17:15","659 Lincoln St, New York City, NY 10001"
141,176690,"20in Monitor",1,109.99,"04/04/19 18:33","873 Sunset St, San Francisco, CA 94016"
142,176691,"AAA Batteries (4-pack)",1,2.99,"04/12/19 11:57","991 Lincoln St, Los Angeles, CA 90001"
143,176692,"Wired Headphones",1,11.99,"04/08/19 18:21","290 Forest St, San Francisco, CA 94016"
144,176693,"AA Batteries (4-pack)",1,3.84,"04/22/19 09:00","252 Walnut St, San Francisco, CA 94016"
145,176694,"USB-C Charging Cable",1,11.95,"04/05/19 20:46","985 Washington St, Atlanta, GA 30301"
146,176695,"AA Batteries (4-pack)",2,3.84,"04/12/19 20:50","709 Lake St, Seattle, WA 98101"
147,176696,iPhone,1,700,"04/07/19 12:41","343 Johnson St, New York City, NY 10001"
148,176697,"Wired Headphones",1,11.99,"04/20/19 22:38","675 Center St, New York City, NY 10001"
149,176698,"Bose SoundSport Headphones",1,99.99,"04/02/19 16:15","232 Lakeview St, San Francisco, CA 94016"
150,176699,"Bose SoundSport Headphones",1,99.99,"04/28/19 18:04","49 Jefferson St, Boston, MA 02215"
151,176700,"34in Ultrawide Monitor",1,379.99,"04/07/19 23:10","967 Walnut St, Dallas, TX 75001"
152,176701,"USB-C Charging Cable",1,11.95,"04/11/19 13:05","128 Church St, Austin, TX 73301"
153,176702,"AA Batteries (4-pack)",1,3.84,"04/23/19 19:44","896 Sunset St, Seattle, WA 98101"
154,176703,"20in Monitor",1,109.99,"04/17/19 10:00","748 Washington St, New York City, NY 10001"
155,176704,"AA Batteries (4-pack)",2,3.84,"04/17/19 10:00","909 Center St, Seattle, WA 98101"
156,176705,"Lightning Charging Cable",2,14.95,"04/06/19 09:38","503 8th St, Austin, TX 73301"
157,176706,"Lightning Charging Cable",1,14.95,"04/13/19 13:32","309 South St, New York City, NY 10001"
158,176707,"Apple Airpods Headphones",1,150,"04/13/19 10:34","408 Center St, Portland, OR 97035"
159,176708,"Wired Headphones",1,11.99,"04/28/19 23:03","542 Ridge St, New York City, NY 10001"
160,176709,"AA Batteries (4-pack)",1,3.84,"04/24/19 14:17","971 Church St, Dallas, TX 75001"
161,176710,"20in Monitor",2,109.99,"04/07/19 10:00","848 West St, Dallas, TX 75001"
162,176711,"Flatscreen TV",1,300,"04/30/19 10:58","796 River St, Dallas, TX 75001"
163,176712,"Google Phone",1,600,"04/20/19 05:21","910 Washington St, San Francisco, CA 94016"
164,176713,"Wired Headphones",1,11.99,"04/21/19 10:48","498 Walnut St, San Francisco, CA 94016"
165,176714,"USB-C Charging Cable",1,11.95,"04/26/19 23:34","303 Spruce St, Los Angeles, CA 90001"
166,176715,"Apple Airpods Headphones",1,150,"04/27/19 16:43","258 Jefferson St, San Francisco, CA 94016"
167,176716,"Wired Headphones",1,11.99,"04/24/19 14:43","794 7th St, Los Angeles, CA 90001"
168,176717,"Apple Airpods Headphones",1,150,"04/19/19 10:34","490 Lakeview St, Atlanta, GA 30301"
169,176718,"Lightning Charging Cable",1,14.95,"04/22/19 19:14","672 Sunset St, Los Angeles, CA 90001"
170,176719,"Flatscreen TV",1,300,"04/27/19 13:07","602 Hickory St, Boston, MA 02215"
171,176720,"Lightning Charging Cable",1,14.95,"04/21/19 10:35","556 South St, Portland, OR 97035"
172,176721,"AAA Batteries (4-pack)",1,2.99,"04/26/19 21:08","469 7th St, San Francisco, CA 94016"
173,176722,"27in 4K Gaming Monitor",1,389.99,"04/01/19 10:57","209 14th St, New York City, NY 10001"
174,176723,"27in 4K Gaming Monitor",1,389.99,"04/19/19 21:31","613 12th St, Portland, OR 97035"
175,176724,"Lightning Charging Cable",1,14.95,"04/26/19 20:59","34 12th St, San Francisco, CA 94016"
176,176725,"AA Batteries (4-pack)",2,3.84,"04/15/19 14:33","630 14th St, San Francisco, CA 94016"
177,176726,"USB-C Charging Cable",1,11.95,"04/13/19 18:14","979 8th St, Los Angeles, CA 90001"
178,176727,"Lightning Charging Cable",1,14.95,"04/14/19 14:26","218 Hickory St, Los Angeles, CA 90001"
179,176728,"Lightning Charging Cable",1,14.95,"04/21/19 07:38","516 Park St, Atlanta, GA 30301"
180,176729,"USB-C Charging Cable",1,11.95,"04/24/19 09:57","637 9th St, Seattle, WA 98101"
181,176730,"Bose SoundSport Headphones",1,99.99,"04/17/19 08:27","403 Ridge St, New York City, NY 10001"
182,176731,"AAA Batteries (4-pack)",2,2.99,"04/21/19 16:17","36 Lincoln St, San Francisco, CA 94016"
183,176732,iPhone,1,700,"04/23/19 09:33","504 Wilson St, Dallas, TX 75001"
184,176733,"20in Monitor",1,109.99,"04/11/19 13:31","575 Hickory St, San Francisco, CA 94016"
185,176734,"Apple Airpods Headphones",1,150,"04/03/19 22:13","611 Jackson St, New York City, NY 10001"
186,176735,"27in FHD Monitor",1,149.99,"04/16/19 23:52","802 Ridge St, Austin, TX 73301"
187,176736,"AA Batteries (4-pack)",1,3.84,"04/17/19 11:48","421 2nd St, Los Angeles, CA 90001"
188,176737,"Apple Airpods Headphones",1,150,"04/07/19 01:28","109 Center St, Los Angeles, CA 90001"
189,176738,"AA Batteries (4-pack)",1,3.84,"04/03/19 13:17","661 Center St, San Francisco, CA 94016"
190,176739,"34in Ultrawide Monitor",1,379.99,"04/05/19 17:38","730 6th St, Austin, TX 73301"
191,176739,"Google Phone",1,600,"04/05/19 17:38","730 6th St, Austin, TX 73301"
192,176740,"Bose SoundSport Headphones",1,99.99,"04/24/19 15:10","699 Washington St, Dallas, TX 75001"
193,176741,"USB-C Charging Cable",1,11.95,"04/29/19 18:49","990 Ridge St, San Francisco, CA 94016"
194,176742,"Wired Headphones",1,11.99,"04/17/19 09:54","115 Forest St, Los Angeles, CA 90001"
195,176743,"27in 4K Gaming Monitor",1,389.99,"04/01/19 09:17","570 11th St, Atlanta, GA 30301"
196,176744,"Lightning Charging Cable",1,14.95,"04/14/19 19:59","937 Maple St, Los Angeles, CA 90001"
197,176745,"Wired Headphones",1,11.99,"04/24/19 09:23","461 Adams St, Los Angeles, CA 90001"
198,176746,"27in 4K Gaming Monitor",1,389.99,"04/08/19 19:04","638 Park St, Seattle, WA 98101"
199,176747,"Macbook Pro Laptop",1,1700,"04/27/19 15:04","645 7th St, San Francisco, CA 94016"
200,176748,"Flatscreen TV",1,300,"04/24/19 15:28","339 13th St, Boston, MA 02215"
201,176749,"ThinkPad Laptop",1,999.99,"04/26/19 07:55","322 Adams St, Seattle, WA 98101"
202,176750,"AA Batteries (4-pack)",1,3.84,"04/13/19 23:52","255 Cedar St, Austin, TX 73301"
203,176751,"AAA Batteries (4-pack)",1,2.99,"04/18/19 13:01","258 4th St, San Francisco, CA 94016"
204,176752,"AA Batteries (4-pack)",1,3.84,"04/13/19 23:59","665 Wilson St, San Francisco, CA 94016"
205,176753,"USB-C Charging Cable",1,11.95,"04/01/19 23:07","496 Adams St, Atlanta, GA 30301"
206,176754,"34in Ultrawide Monitor",1,379.99,"04/02/19 17:07","288 Forest St, Los Angeles, CA 90001"
207,176755,"27in 4K Gaming Monitor",1,389.99,"04/09/19 16:21","825 Madison St, Seattle, WA 98101"
208,176756,"27in FHD Monitor",1,149.99,"04/05/19 17:06","348 Lake St, New York City, NY 10001"
209,176757,"AA Batteries (4-pack)",1,3.84,"04/11/19 20:28","79 Hickory St, Portland, OR 97035"
210,176758,"34in Ultrawide Monitor",1,379.99,"04/18/19 21:26","166 Highland St, San Francisco, CA 94016"
211,176759,"Lightning Charging Cable",1,14.95,"04/06/19 12:46","864 Main St, Los Angeles, CA 90001"
212,176760,"Wired Headphones",1,11.99,"04/02/19 20:32","813 Highland St, San Francisco, CA 94016"
213,176761,"Apple Airpods Headphones",1,150,"04/26/19 20:00","830 2nd St, San Francisco, CA 94016"
214,176762,"AA Batteries (4-pack)",1,3.84,"04/18/19 14:06","977 1st St, Seattle, WA 98101"
215,176763,"USB-C Charging Cable",1,11.95,"04/25/19 13:36","638 Johnson St, San Francisco, CA 94016"
216,176764,"Wired Headphones",1,11.99,"04/16/19 19:52","652 Center St, Atlanta, GA 30301"
217,176765,"USB-C Charging Cable",1,11.95,"04/14/19 20:44","729 Ridge St, San Francisco, CA 94016"
218,176766,"AA Batteries (4-pack)",2,3.84,"04/21/19 19:52","84 Johnson St, Boston, MA 02215"
219,176767,"27in 4K Gaming Monitor",1,389.99,"04/09/19 14:18","205 4th St, Atlanta, GA 30301"
220,176768,"Wired Headphones",1,11.99,"04/04/19 00:03","643 Spruce St, Los Angeles, CA 90001"
221,176769,"AA Batteries (4-pack)",1,3.84,"04/29/19 14:14","206 10th St, San Francisco, CA 94016"
222,176770,"Wired Headphones",1,11.99,"04/08/19 17:38","345 Church St, San Francisco, CA 94016"
223,176771,"Lightning Charging Cable",1,14.95,"04/24/19 17:40","403 11th St, New York City, NY 10001"
224,176772,"AA Batteries (4-pack)",1,3.84,"04/10/19 21:48","426 14th St, New York City, NY 10001"
225,176773,"AAA Batteries (4-pack)",2,2.99,"04/25/19 20:07","30 9th St, Portland, ME 04101"
226,176774,"Lightning Charging Cable",1,14.95,"04/25/19 15:06","372 Church St, Los Angeles, CA 90001"
227,176774,"USB-C Charging Cable",1,11.95,"04/25/19 15:06","372 Church St, Los Angeles, CA 90001"
228,176775,"USB-C Charging Cable",2,11.95,"04/01/19 20:56","975 Forest St, San Francisco, CA 94016"
229,176776,"Bose SoundSport Headphones",1,99.99,"04/24/19 23:28","613 Washington St, Seattle, WA 98101"
230,176777,"Apple Airpods Headphones",1,150,"04/14/19 16:53","163 Jackson St, Portland, OR 97035"
231,176778,"34in Ultrawide Monitor",1,379.99,"04/12/19 17:46","201 Madison St, San Francisco, CA 94016"
232,176779,"27in FHD Monitor",1,149.99,"04/04/19 16:46","351 Park St, Atlanta, GA 30301"
233,176780,"Lightning Charging Cable",1,14.95,"04/18/19 23:51","52 Walnut St, New York City, NY 10001"
234,176781,iPhone,1,700,"04/03/19 07:37","976 Hickory St, Dallas, TX 75001"
235,176781,"Lightning Charging Cable",1,14.95,"04/03/19 07:37","976 Hickory St, Dallas, TX 75001"
236,176782,"Apple Airpods Headphones",1,150,"04/22/19 13:42","993 13th St, San Francisco, CA 94016"
237,176783,"Apple Airpods Headphones",1,150,"04/05/19 11:40","926 North St, San Francisco, CA 94016"
238,176784,"AAA Batteries (4-pack)",1,2.99,"04/08/19 10:14","725 Madison St, Los Angeles, CA 90001"
239,176785,"Bose SoundSport Headphones",1,99.99,"04/03/19 15:39","533 Ridge St, Los Angeles, CA 90001"
240,176786,"20in Monitor",1,109.99,"04/06/19 16:40","701 North St, San Francisco, CA 94016"
241,176787,"Google Phone",1,600,"04/14/19 10:10","180 Pine St, Los Angeles, CA 90001"
242,176788,"Bose SoundSport Headphones",1,99.99,"04/15/19 04:39","200 North St, New York City, NY 10001"
243,176789,"Lightning Charging Cable",1,14.95,"04/21/19 20:15","990 Meadow St, San Francisco, CA 94016"
244,176790,"AAA Batteries (4-pack)",1,2.99,"04/28/19 12:07","689 9th St, Austin, TX 73301"
245,176791,"Google Phone",1,600,"04/21/19 11:43","908 Jackson St, Los Angeles, CA 90001"
246,176792,"27in 4K Gaming Monitor",1,389.99,"04/30/19 19:29","772 11th St, Atlanta, GA 30301"
247,176793,"Wired Headphones",1,11.99,"04/17/19 17:09","147 South St, San Francisco, CA 94016"
248,176794,"Lightning Charging Cable",1,14.95,"04/10/19 21:40","425 Adams St, Dallas, TX 75001"
249,176795,"Wired Headphones",1,11.99,"04/13/19 11:46","360 Center St, San Francisco, CA 94016"
250,176796,"Bose SoundSport Headphones",1,99.99,"04/07/19 08:44","5 2nd St, Los Angeles, CA 90001"
251,176797,"Google Phone",1,600,"04/21/19 08:54","923 Elm St, Los Angeles, CA 90001"
252,176797,"Bose SoundSport Headphones",1,99.99,"04/21/19 08:54","923 Elm St, Los Angeles, CA 90001"
253,176797,"Wired Headphones",1,11.99,"04/21/19 08:54","923 Elm St, Los Angeles, CA 90001"
254,176798,iPhone,1,700,"04/06/19 10:31","445 Jefferson St, Atlanta, GA 30301"
255,176799,"Wired Headphones",1,11.99,"04/03/19 14:24","452 Spruce St, Portland, OR 97035"
256,176800,"Lightning Charging Cable",1,14.95,"04/09/19 11:35","766 West St, Atlanta, GA 30301"
257,176801,"Vareebadd Phone",1,400,"04/28/19 18:52","125 North St, San Francisco, CA 94016"
258,176802,"AA Batteries (4-pack)",1,3.84,"04/29/19 17:33","627 12th St, Boston, MA 02215"
259,176803,"AA Batteries (4-pack)",1,3.84,"04/01/19 23:00","649 7th St, Austin, TX 73301"
260,176804,"Bose SoundSport Headphones",1,99.99,"04/21/19 21:56","690 Walnut St, Seattle, WA 98101"
261,176805,"Google Phone",1,600,"04/01/19 15:50","91 Lincoln St, Portland, OR 97035"
262,176805,"USB-C Charging Cable",1,11.95,"04/01/19 15:50","91 Lincoln St, Portland, OR 97035"
263,176806,"Macbook Pro Laptop",1,1700,"04/22/19 13:26","197 Cherry St, Austin, TX 73301"
264,176807,"USB-C Charging Cable",1,11.95,"04/21/19 17:13","758 Hill St, Seattle, WA 98101"
265,176808,"Google Phone",1,600,"04/28/19 18:03","933 Meadow St, San Francisco, CA 94016"
266,176808,"Wired Headphones",1,11.99,"04/28/19 18:03","933 Meadow St, San Francisco, CA 94016"
267,176809,"Bose SoundSport Headphones",2,99.99,"04/19/19 01:14","278 13th St, San Francisco, CA 94016"
268,176810,"AAA Batteries (4-pack)",1,2.99,"04/30/19 14:57","86 Meadow St, Atlanta, GA 30301"
269,176811,"AA Batteries (4-pack)",2,3.84,"04/14/19 23:02","456 13th St, Dallas, TX 75001"
270,176812,"Wired Headphones",1,11.99,"04/20/19 16:40","569 Willow St, New York City, NY 10001"
271,176813,"Google Phone",1,600,"04/28/19 18:01","269 Hill St, Atlanta, GA 30301"
272,176813,"Wired Headphones",1,11.99,"04/28/19 18:01","269 Hill St, Atlanta, GA 30301"
273,176814,"Lightning Charging Cable",1,14.95,"04/09/19 12:09","501 13th St, New York City, NY 10001"
274,176815,"AAA Batteries (4-pack)",1,2.99,"04/04/19 13:36","327 Adams St, San Francisco, CA 94016"
275,176816,"27in 4K Gaming Monitor",1,389.99,"04/19/19 20:14","623 Lincoln St, Portland, OR 97035"
276,176817,"Lightning Charging Cable",1,14.95,"04/26/19 20:47","284 Walnut St, Seattle, WA 98101"
277,176818,"Wired Headphones",1,11.99,"04/09/19 02:19","642 13th St, San Francisco, CA 94016"
278,176819,"AA Batteries (4-pack)",2,3.84,"04/15/19 05:44","615 9th St, Portland, OR 97035"
279,176820,"USB-C Charging Cable",1,11.95,"04/17/19 12:10","654 Adams St, Boston, MA 02215"
280,176821,"34in Ultrawide Monitor",1,379.99,"04/18/19 15:08","72 Meadow St, San Francisco, CA 94016"
281,176822,"AAA Batteries (4-pack)",1,2.99,"04/22/19 19:50","40 Cedar St, Seattle, WA 98101"
282,176823,"Wired Headphones",1,11.99,"04/06/19 20:18","893 11th St, Seattle, WA 98101"
283,176824,"USB-C Charging Cable",2,11.95,"04/03/19 13:01","983 Center St, Los Angeles, CA 90001"
284,176825,"LG Washing Machine",1,600.0,"04/13/19 22:31","338 6th St, San Francisco, CA 94016"
285,176826,"Bose SoundSport Headphones",1,99.99,"04/11/19 00:15","72 Meadow St, San Francisco, CA 94016"
286,176827,"AAA Batteries (4-pack)",1,2.99,"04/20/19 13:36","465 Hickory St, Los Angeles, CA 90001"
287,176828,iPhone,1,700,"04/07/19 22:13","696 Highland St, Seattle, WA 98101"
288,176829,"Wired Headphones",1,11.99,"04/30/19 09:09","335 Wilson St, San Francisco, CA 94016"
289,176830,"Wired Headphones",1,11.99,"04/18/19 12:02","663 5th St, Austin, TX 73301"
290,176831,"USB-C Charging Cable",1,11.95,"04/01/19 07:39","743 Spruce St, San Francisco, CA 94016"
291,176832,"Apple Airpods Headphones",1,150,"04/19/19 20:21","533 Spruce St, Los Angeles, CA 90001"
292,176833,"Wired Headphones",1,11.99,"04/21/19 19:32","226 Madison St, Boston, MA 02215"
293,176834,"Lightning Charging Cable",1,14.95,"04/15/19 20:42","193 Forest St, San Francisco, CA 94016"
294,176835,"USB-C Charging Cable",1,11.95,"04/23/19 16:55","628 10th St, Boston, MA 02215"
295,176836,"USB-C Charging Cable",2,11.95,"04/10/19 14:20","857 Hickory St, Boston, MA 02215"
296,176837,"Lightning Charging Cable",1,14.95,"04/10/19 12:29","213 River St, New York City, NY 10001"
297,176838,"Lightning Charging Cable",1,14.95,"04/05/19 18:44","656 South St, New York City, NY 10001"
298,176839,"20in Monitor",1,109.99,"04/10/19 07:19","625 Willow St, Boston, MA 02215"
299,176840,"USB-C Charging Cable",1,11.95,"04/02/19 10:08","939 14th St, Austin, TX 73301"
300,176841,"AAA Batteries (4-pack)",3,2.99,"04/26/19 22:50","177 Highland St, San Francisco, CA 94016"
301,176842,"AA Batteries (4-pack)",2,3.84,"04/06/19 23:16","532 1st St, New York City, NY 10001"
302,176843,"34in Ultrawide Monitor",1,379.99,"04/21/19 11:22","733 Maple St, Atlanta, GA 30301"
303,176844,"AA Batteries (4-pack)",1,3.84,"04/23/19 18:48","983 Main St, Boston, MA 02215"
304,176845,"USB-C Charging Cable",1,11.95,"04/15/19 14:26","925 Cedar St, San Francisco, CA 94016"
305,176846,"USB-C Charging Cable",1,11.95,"04/19/19 09:03","599 10th St, New York City, NY 10001"
306,176847,"AA Batteries (4-pack)",3,3.84,"04/03/19 16:00","616 9th St, Austin, TX 73301"
307,176848,"27in FHD Monitor",1,149.99,"04/28/19 18:09","442 Center St, Boston, MA 02215"
308,176849,"34in Ultrawide Monitor",1,379.99,"04/22/19 10:59","309 West St, San Francisco, CA 94016"
309,176850,"AA Batteries (4-pack)",1,3.84,"04/03/19 12:40","520 5th St, Seattle, WA 98101"
310,176851,"AA Batteries (4-pack)",1,3.84,"04/09/19 22:58","669 Dogwood St, San Francisco, CA 94016"
311,176852,"AA Batteries (4-pack)",1,3.84,"04/09/19 13:58","731 Lincoln St, Portland, OR 97035"
312,176853,"AA Batteries (4-pack)",1,3.84,"04/24/19 11:41","858 14th St, New York City, NY 10001"
313,176854,"AA Batteries (4-pack)",1,3.84,"04/11/19 22:05","460 South St, Los Angeles, CA 90001"
314,176855,"Wired Headphones",1,11.99,"04/21/19 16:42","103 12th St, Los Angeles, CA 90001"
315,176856,"Lightning Charging Cable",1,14.95,"04/13/19 10:59","459 8th St, San Francisco, CA 94016"
316,176857,"Bose SoundSport Headphones",1,99.99,"04/30/19 07:18","418 14th St, Portland, OR 97035"
317,176858,"AAA Batteries (4-pack)",1,2.99,"04/16/19 13:25","669 Park St, Los Angeles, CA 90001"
318,176859,"AA Batteries (4-pack)",1,3.84,"04/15/19 10:53","525 Adams St, New York City, NY 10001"
319,176860,"USB-C Charging Cable",1,11.95,"04/04/19 11:00","420 Hill St, San Francisco, CA 94016"
320,176861,"Bose SoundSport Headphones",1,99.99,"04/14/19 13:01","370 9th St, Los Angeles, CA 90001"
321,176862,"AAA Batteries (4-pack)",1,2.99,"04/29/19 11:37","267 Willow St, San Francisco, CA 94016"
322,176863,"27in FHD Monitor",1,149.99,"04/19/19 17:18","64 Maple St, New York City, NY 10001"
323,176864,"AAA Batteries (4-pack)",2,2.99,"04/02/19 15:47","453 Meadow St, San Francisco, CA 94016"
324,176865,"AA Batteries (4-pack)",1,3.84,"04/18/19 14:28","952 Washington St, New York City, NY 10001"
325,176866,"ThinkPad Laptop",1,999.99,"04/02/19 11:42","338 West St, New York City, NY 10001"
326,176867,"AAA Batteries (4-pack)",1,2.99,"04/25/19 21:00","483 Washington St, San Francisco, CA 94016"
327,176868,"20in Monitor",1,109.99,"04/05/19 07:37","213 Highland St, Boston, MA 02215"
328,176869,"Apple Airpods Headphones",1,150,"04/23/19 18:33","861 2nd St, Seattle, WA 98101"
329,176870,"AAA Batteries (4-pack)",3,2.99,"04/05/19 18:38","964 Park St, New York City, NY 10001"
330,176871,"AA Batteries (4-pack)",1,3.84,"04/29/19 20:02","489 9th St, Dallas, TX 75001"
331,176872,"AA Batteries (4-pack)",1,3.84,"04/15/19 12:17","678 Madison St, Los Angeles, CA 90001"
332,176873,"AA Batteries (4-pack)",1,3.84,"04/06/19 05:26","532 Spruce St, Los Angeles, CA 90001"
333,176874,"AAA Batteries (4-pack)",1,2.99,"04/15/19 11:04","325 Pine St, New York City, NY 10001"
334,176875,"27in 4K Gaming Monitor",1,389.99,"04/23/19 19:26","727 Forest St, San Francisco, CA 94016"
335,176876,"Bose SoundSport Headphones",1,99.99,"04/23/19 21:15","263 Hickory St, Boston, MA 02215"
336,176877,"Lightning Charging Cable",1,14.95,"04/10/19 15:48","289 4th St, San Francisco, CA 94016"
337,176878,"ThinkPad Laptop",1,999.99,"04/13/19 09:15","161 Highland St, San Francisco, CA 94016"
338,176879,"Flatscreen TV",1,300,"04/13/19 14:15","370 Sunset St, Portland, ME 04101"
339,176880,"27in FHD Monitor",1,149.99,"04/04/19 08:36","691 River St, New York City, NY 10001"
340,176881,"Wired Headphones",1,11.99,"04/22/19 20:59","157 Sunset St, San Francisco, CA 94016"
341,176882,"Wired Headphones",1,11.99,"04/24/19 20:16","929 Main St, Boston, MA 02215"
342,176883,"Wired Headphones",2,11.99,"04/15/19 09:24","344 Dogwood St, New York City, NY 10001"
343,176884,"USB-C Charging Cable",1,11.95,"04/11/19 09:04","813 Highland St, San Francisco, CA 94016"
344,176885,"34in Ultrawide Monitor",1,379.99,"04/22/19 21:26","582 River St, Boston, MA 02215"
345,176886,"Flatscreen TV",1,300,"04/19/19 20:44","410 8th St, San Francisco, CA 94016"
346,176887,"AAA Batteries (4-pack)",1,2.99,"04/01/19 12:59","591 4th St, Boston, MA 02215"
347,176888,"Wired Headphones",1,11.99,"04/15/19 13:57","608 5th St, New York City, NY 10001"
348,176889,"AAA Batteries (4-pack)",1,2.99,"04/17/19 21:22","837 Madison St, Boston, MA 02215"
349,176890,"USB-C Charging Cable",1,11.95,"04/25/19 17:35","950 8th St, Austin, TX 73301"
350,176891,"AAA Batteries (4-pack)",1,2.99,"04/07/19 11:52","323 Ridge St, Portland, OR 97035"
351,176892,"AAA Batteries (4-pack)",1,2.99,"04/12/19 22:50","165 Meadow St, Boston, MA 02215"
352,176893,"AAA Batteries (4-pack)",1,2.99,"04/23/19 14:01","794 Dogwood St, Seattle, WA 98101"
353,176894,"Flatscreen TV",1,300,"04/13/19 17:23","589 Park St, San Francisco, CA 94016"
354,176895,"Apple Airpods Headphones",1,150,"04/24/19 08:44","286 6th St, Boston, MA 02215"
355,176896,"AAA Batteries (4-pack)",2,2.99,"04/24/19 17:41","77 Johnson St, Dallas, TX 75001"
356,176897,"Apple Airpods Headphones",1,150,"04/02/19 18:12","941 Walnut St, San Francisco, CA 94016"
357,,,,,,
358,176898,"Apple Airpods Headphones",1,150,"04/18/19 17:05","45 River St, New York City, NY 10001"
359,176899,"Lightning Charging Cable",1,14.95,"04/05/19 18:17","269 South St, San Francisco, CA 94016"
360,176900,"Bose SoundSport Headphones",1,99.99,"04/21/19 06:17","356 North St, Boston, MA 02215"
361,176901,"Lightning Charging Cable",1,14.95,"04/22/19 14:37","25 8th St, Atlanta, GA 30301"
362,176902,"USB-C Charging Cable",1,11.95,"04/11/19 14:49","166 Dogwood St, Atlanta, GA 30301"
363,176903,iPhone,1,700,"04/09/19 11:10","684 Main St, Boston, MA 02215"
364,176904,"AAA Batteries (4-pack)",1,2.99,"04/13/19 15:44","782 Ridge St, Boston, MA 02215"
365,176905,"27in FHD Monitor",1,149.99,"04/12/19 07:40","92 Spruce St, New York City, NY 10001"
366,176906,"27in FHD Monitor",1,149.99,"04/07/19 20:14","636 Cherry St, Los Angeles, CA 90001"
367,176907,"27in FHD Monitor",1,149.99,"04/11/19 01:43","120 Sunset St, Los Angeles, CA 90001"
368,176908,"AAA Batteries (4-pack)",1,2.99,"04/25/19 20:53","802 Maple St, Seattle, WA 98101"
369,176909,"Wired Headphones",1,11.99,"04/22/19 09:53","692 Jackson St, Portland, ME 04101"
370,176910,"AAA Batteries (4-pack)",2,2.99,"04/19/19 14:46","573 2nd St, Los Angeles, CA 90001"
371,176911,"AAA Batteries (4-pack)",1,2.99,"04/12/19 10:29","346 13th St, Los Angeles, CA 90001"
372,176912,"Apple Airpods Headphones",1,150,"04/25/19 14:33","862 7th St, Seattle, WA 98101"
373,176913,"AAA Batteries (4-pack)",1,2.99,"04/20/19 19:09","340 11th St, Atlanta, GA 30301"
374,176914,"Lightning Charging Cable",1,14.95,"04/01/19 15:54","846 Cherry St, San Francisco, CA 94016"
375,176915,"AAA Batteries (4-pack)",1,2.99,"04/04/19 19:18","64 Hill St, Dallas, TX 75001"
376,176916,"34in Ultrawide Monitor",1,379.99,"04/18/19 07:45","285 Cedar St, San Francisco, CA 94016"
377,176917,"USB-C Charging Cable",1,11.95,"04/14/19 19:50","376 Sunset St, Boston, MA 02215"
378,176918,"USB-C Charging Cable",1,11.95,"04/10/19 09:57","398 Elm St, Los Angeles, CA 90001"
379,176919,"AAA Batteries (4-pack)",1,2.99,"04/29/19 07:02","240 14th St, Boston, MA 02215"
380,176920,"Apple Airpods Headphones",1,150,"04/30/19 18:55","117 Lake St, New York City, NY 10001"
381,176921,"Lightning Charging Cable",1,14.95,"04/24/19 17:56","365 Wilson St, San Francisco, CA 94016"
382,176922,"Bose SoundSport Headphones",1,99.99,"04/02/19 21:08","859 Hill St, Los Angeles, CA 90001"
383,176923,"LG Washing Machine",1,600.0,"04/26/19 12:48","259 6th St, Los Angeles, CA 90001"
384,176924,"Bose SoundSport Headphones",1,99.99,"04/14/19 10:32","375 4th St, New York City, NY 10001"
385,176925,"Lightning Charging Cable",1,14.95,"04/18/19 15:31","920 Wilson St, New York City, NY 10001"
386,176926,"USB-C Charging Cable",1,11.95,"04/14/19 21:17","921 Cedar St, Atlanta, GA 30301"
387,176927,"Wired Headphones",1,11.99,"04/18/19 18:40","700 Sunset St, Los Angeles, CA 90001"
388,176928,"AAA Batteries (4-pack)",1,2.99,"04/08/19 21:08","203 Hickory St, San Francisco, CA 94016"
389,176929,"ThinkPad Laptop",1,999.99,"04/11/19 22:13","743 11th St, Dallas, TX 75001"
390,176930,"USB-C Charging Cable",1,11.95,"04/15/19 09:41","161 Center St, Boston, MA 02215"
391,176931,"ThinkPad Laptop",1,999.99,"04/13/19 08:47","57 Pine St, New York City, NY 10001"
392,176932,"34in Ultrawide Monitor",1,379.99,"04/28/19 17:02","118 Church St, Seattle, WA 98101"
393,176933,"Flatscreen TV",1,300,"04/24/19 10:34","698 Spruce St, New York City, NY 10001"
394,176934,"AAA Batteries (4-pack)",1,2.99,"04/08/19 19:44","329 Park St, New York City, NY 10001"
395,176935,"AAA Batteries (4-pack)",1,2.99,"04/03/19 21:31","315 1st St, Dallas, TX 75001"
396,176935,"27in FHD Monitor",1,149.99,"04/03/19 21:31","315 1st St, Dallas, TX 75001"
397,176936,"Apple Airpods Headphones",1,150,"04/15/19 08:36","846 Hickory St, Boston, MA 02215"
398,176937,"Google Phone",1,600,"04/30/19 22:04","980 7th St, Los Angeles, CA 90001"
399,176938,"AAA Batteries (4-pack)",1,2.99,"04/29/19 21:08","249 Jefferson St, Los Angeles, CA 90001"
400,176939,"AAA Batteries (4-pack)",1,2.99,"04/06/19 12:50","418 12th St, San Francisco, CA 94016"
401,176940,"Lightning Charging Cable",1,14.95,"04/02/19 23:59","864 Hickory St, Dallas, TX 75001"
402,176941,"27in 4K Gaming Monitor",1,389.99,"04/11/19 18:46","807 14th St, San Francisco, CA 94016"
403,176942,"AA Batteries (4-pack)",1,3.84,"04/12/19 10:02","419 Washington St, Portland, OR 97035"
404,176943,"Lightning Charging Cable",1,14.95,"04/09/19 06:50","211 2nd St, San Francisco, CA 94016"
405,176944,"Bose SoundSport Headphones",1,99.99,"04/28/19 06:22","719 West St, Austin, TX 73301"
406,176945,"USB-C Charging Cable",1,11.95,"04/24/19 02:17","701 Pine St, Austin, TX 73301"
407,176946,"Lightning Charging Cable",1,14.95,"04/27/19 16:36","991 6th St, New York City, NY 10001"
408,176947,"AA Batteries (4-pack)",2,3.84,"04/02/19 18:40","357 Center St, Los Angeles, CA 90001"
409,176948,"Wired Headphones",1,11.99,"04/26/19 09:46","761 Highland St, San Francisco, CA 94016"
410,176949,"USB-C Charging Cable",1,11.95,"04/27/19 12:54","347 Jackson St, Los Angeles, CA 90001"
411,176950,"Lightning Charging Cable",1,14.95,"04/04/19 08:54","929 Johnson St, Dallas, TX 75001"
412,176951,"USB-C Charging Cable",2,11.95,"04/15/19 21:57","606 Lakeview St, Boston, MA 02215"
413,176952,"AAA Batteries (4-pack)",1,2.99,"04/06/19 18:47","693 5th St, Los Angeles, CA 90001"
414,176953,"Flatscreen TV",1,300,"04/29/19 13:41","595 West St, Dallas, TX 75001"
415,176954,"Bose SoundSport Headphones",1,99.99,"04/28/19 14:49","524 Elm St, San Francisco, CA 94016"
416,176955,"AAA Batteries (4-pack)",1,2.99,"04/02/19 16:08","169 Church St, San Francisco, CA 94016"
417,176956,"AA Batteries (4-pack)",1,3.84,"04/01/19 21:43","703 5th St, Dallas, TX 75001"
418,176957,"Google Phone",1,600,"04/06/19 18:22","582 Church St, Boston, MA 02215"
419,176958,"Bose SoundSport Headphones",1,99.99,"04/23/19 09:26","497 Main St, Boston, MA 02215"
420,176959,"Wired Headphones",1,11.99,"04/08/19 18:32","125 Jefferson St, Seattle, WA 98101"
421,176960,"Bose SoundSport Headphones",1,99.99,"04/08/19 14:49","737 West St, Dallas, TX 75001"
422,176961,"27in FHD Monitor",1,149.99,"04/16/19 15:13","357 Willow St, Portland, OR 97035"
423,176962,"Wired Headphones",1,11.99,"04/07/19 11:19","710 Church St, San Francisco, CA 94016"
424,176963,"AAA Batteries (4-pack)",2,2.99,"04/14/19 13:17","390 Walnut St, Los Angeles, CA 90001"
425,176964,"AAA Batteries (4-pack)",1,2.99,"04/05/19 14:43","453 Cedar St, San Francisco, CA 94016"
426,176965,"Lightning Charging Cable",1,14.95,"04/08/19 09:00","900 Dogwood St, Boston, MA 02215"
427,176966,"Bose SoundSport Headphones",1,99.99,"04/22/19 23:21","3 Main St, Boston, MA 02215"
428,176967,"27in 4K Gaming Monitor",1,389.99,"04/13/19 13:04","275 Lake St, Dallas, TX 75001"
429,176968,"Bose SoundSport Headphones",1,99.99,"04/28/19 08:30","183 2nd St, Atlanta, GA 30301"
430,176969,"AA Batteries (4-pack)",1,3.84,"04/05/19 09:27","346 Wilson St, Portland, OR 97035"
431,176970,"Bose SoundSport Headphones",1,99.99,"04/06/19 19:33","524 7th St, Los Angeles, CA 90001"
432,176971,"AAA Batteries (4-pack)",1,2.99,"04/05/19 22:56","166 5th St, New York City, NY 10001"
433,176972,"27in FHD Monitor",1,149.99,"04/06/19 17:36","824 West St, Seattle, WA 98101"
434,176973,"Wired Headphones",1,11.99,"04/04/19 21:49","748 Madison St, Los Angeles, CA 90001"
435,176974,"ThinkPad Laptop",1,999.99,"04/05/19 22:51","789 Center St, Seattle, WA 98101"
436,176975,"USB-C Charging Cable",1,11.95,"04/23/19 15:46","28 13th St, San Francisco, CA 94016"
437,176975,"AAA Batteries (4-pack)",1,2.99,"04/23/19 15:46","28 13th St, San Francisco, CA 94016"
438,176976,"27in FHD Monitor",1,149.99,"04/18/19 05:42","260 Pine St, Los Angeles, CA 90001"
439,176977,"Bose SoundSport Headphones",1,99.99,"04/06/19 13:57","808 Ridge St, Portland, OR 97035"
440,176978,"Apple Airpods Headphones",1,150,"05/01/19 03:29","589 Lake St, Portland, OR 97035"
441,176979,"AAA Batteries (4-pack)",2,2.99,"04/28/19 17:53","315 9th St, New York City, NY 10001"
442,176980,"Bose SoundSport Headphones",1,99.99,"04/02/19 11:20","456 10th St, Seattle, WA 98101"
443,176981,"Google Phone",1,600,"04/01/19 11:29","924 11th St, San Francisco, CA 94016"
444,176982,iPhone,1,700,"04/14/19 13:53","237 Lake St, Los Angeles, CA 90001"
445,176983,"AAA Batteries (4-pack)",2,2.99,"04/23/19 10:18","769 11th St, Boston, MA 02215"
446,176984,"Apple Airpods Headphones",1,150,"04/22/19 19:39","77 Lake St, Portland, OR 97035"
447,176985,"USB-C Charging Cable",1,11.95,"04/15/19 11:52","859 7th St, New York City, NY 10001"
448,176986,"Apple Airpods Headphones",1,150,"04/12/19 14:45","623 Lakeview St, Los Angeles, CA 90001"
449,176987,"AAA Batteries (4-pack)",1,2.99,"04/22/19 09:28","87 Spruce St, San Francisco, CA 94016"
450,176988,"Lightning Charging Cable",1,14.95,"04/30/19 23:02","251 South St, Boston, MA 02215"
451,176989,"Google Phone",1,600,"04/09/19 13:43","346 9th St, Los Angeles, CA 90001"
452,176989,"USB-C Charging Cable",1,11.95,"04/09/19 13:43","346 9th St, Los Angeles, CA 90001"
453,176990,"27in FHD Monitor",1,149.99,"04/07/19 00:15","322 2nd St, San Francisco, CA 94016"
454,176991,"Bose SoundSport Headphones",1,99.99,"04/15/19 01:49","338 2nd St, San Francisco, CA 94016"
455,176992,"AAA Batteries (4-pack)",2,2.99,"04/15/19 12:22","927 5th St, New York City, NY 10001"
456,176993,iPhone,1,700,"04/07/19 09:43","28 South St, Los Angeles, CA 90001"
457,176993,"Wired Headphones",1,11.99,"04/07/19 09:43","28 South St, Los Angeles, CA 90001"
458,176994,"Google Phone",1,600,"04/15/19 12:39","628 12th St, Los Angeles, CA 90001"
459,176995,"AA Batteries (4-pack)",2,3.84,"04/20/19 23:12","964 8th St, San Francisco, CA 94016"
460,176996,"Wired Headphones",1,11.99,"04/23/19 13:57","57 Wilson St, Atlanta, GA 30301"
461,176997,"AA Batteries (4-pack)",1,3.84,"04/25/19 16:57","354 14th St, New York City, NY 10001"
462,176998,"Bose SoundSport Headphones",1,99.99,"04/12/19 12:54","481 Maple St, San Francisco, CA 94016"
463,176999,"Lightning Charging Cable",1,14.95,"04/28/19 11:19","192 7th St, Seattle, WA 98101"
464,177000,"USB-C Charging Cable",1,11.95,"04/26/19 16:08","936 9th St, Los Angeles, CA 90001"
465,177001,"Wired Headphones",1,11.99,"04/17/19 09:49","958 Walnut St, Los Angeles, CA 90001"
466,177002,"USB-C Charging Cable",1,11.95,"04/15/19 10:38","965 Elm St, San Francisco, CA 94016"
467,177003,"USB-C Charging Cable",1,11.95,"04/13/19 16:09","903 Wilson St, San Francisco, CA 94016"
468,177004,"AAA Batteries (4-pack)",1,2.99,"04/24/19 17:43","781 Wilson St, Los Angeles, CA 90001"
469,177005,"Lightning Charging Cable",1,14.95,"04/28/19 11:38","375 Jefferson St, Los Angeles, CA 90001"
470,177006,"34in Ultrawide Monitor",1,379.99,"04/02/19 16:42","776 Spruce St, Austin, TX 73301"
471,177007,"AAA Batteries (4-pack)",1,2.99,"04/18/19 13:10","806 Willow St, Boston, MA 02215"
472,177008,"Apple Airpods Headphones",1,150,"04/05/19 21:19","899 7th St, Dallas, TX 75001"
473,177009,"AA Batteries (4-pack)",1,3.84,"04/24/19 11:08","623 5th St, Los Angeles, CA 90001"
474,177010,"Apple Airpods Headphones",1,150,"04/28/19 13:42","885 Jefferson St, Dallas, TX 75001"
475,177011,"Wired Headphones",2,11.99,"04/11/19 11:18","742 Maple St, Dallas, TX 75001"
476,177012,"Lightning Charging Cable",3,14.95,"04/29/19 14:05","987 9th St, New York City, NY 10001"
477,177013,"AAA Batteries (4-pack)",1,2.99,"04/18/19 18:52","398 Pine St, Los Angeles, CA 90001"
478,177014,"Lightning Charging Cable",1,14.95,"04/17/19 07:41","918 Maple St, Dallas, TX 75001"
479,177015,"Lightning Charging Cable",1,14.95,"04/26/19 13:55","61 7th St, New York City, NY 10001"
480,177016,"USB-C Charging Cable",1,11.95,"04/23/19 17:05","277 Johnson St, Seattle, WA 98101"
481,177017,"AAA Batteries (4-pack)",5,2.99,"04/16/19 00:04","713 Sunset St, New York City, NY 10001"
482,177018,"USB-C Charging Cable",1,11.95,"04/25/19 07:35","412 Church St, New York City, NY 10001"
483,177019,"USB-C Charging Cable",1,11.95,"04/20/19 15:44","2 4th St, San Francisco, CA 94016"
484,177020,"Macbook Pro Laptop",1,1700,"04/16/19 22:31","606 Walnut St, Seattle, WA 98101"
485,177021,"Bose SoundSport Headphones",1,99.99,"04/08/19 21:52","542 Cedar St, San Francisco, CA 94016"
486,177022,iPhone,1,700,"04/17/19 18:14","216 Chestnut St, Los Angeles, CA 90001"
487,177022,"Wired Headphones",1,11.99,"04/17/19 18:14","216 Chestnut St, Los Angeles, CA 90001"
488,177023,"AAA Batteries (4-pack)",1,2.99,"04/23/19 20:40","320 Adams St, New York City, NY 10001"
489,177024,"Bose SoundSport Headphones",1,99.99,"04/27/19 15:00","565 Madison St, Los Angeles, CA 90001"
490,177025,"27in FHD Monitor",1,149.99,"04/06/19 14:42","708 Cedar St, San Francisco, CA 94016"
491,177026,"34in Ultrawide Monitor",1,379.99,"04/11/19 22:15","892 5th St, Austin, TX 73301"
492,177027,"USB-C Charging Cable",1,11.95,"04/24/19 09:12","472 Pine St, San Francisco, CA 94016"
493,177028,"Bose SoundSport Headphones",1,99.99,"04/04/19 12:58","456 Jefferson St, Atlanta, GA 30301"
494,177029,"Wired Headphones",1,11.99,"04/29/19 11:23","404 Church St, Boston, MA 02215"
495,177030,"USB-C Charging Cable",1,11.95,"04/03/19 10:55","60 Adams St, San Francisco, CA 94016"
496,177031,"Apple Airpods Headphones",1,150,"04/25/19 13:50","448 11th St, Los Angeles, CA 90001"
497,177032,iPhone,1,700,"04/22/19 07:29","307 7th St, San Francisco, CA 94016"
498,177033,"USB-C Charging Cable",1,11.95,"04/02/19 18:13","915 Park St, San Francisco, CA 94016"
499,177034,"USB-C Charging Cable",1,11.95,"04/30/19 10:25","268 Johnson St, Los Angeles, CA 90001"
500,177035,"Bose SoundSport Headphones",1,99.99,"04/26/19 12:15","236 North St, Los Angeles, CA 90001"
501,177036,"Lightning Charging Cable",2,14.95,"04/27/19 19:05","125 Park St, San Francisco, CA 94016"
502,177037,"34in Ultrawide Monitor",1,379.99,"04/27/19 01:44","135 Jefferson St, San Francisco, CA 94016"
503,177038,iPhone,1,700,"04/03/19 12:11","632 Sunset St, San Francisco, CA 94016"
504,177039,"AAA Batteries (4-pack)",1,2.99,"04/26/19 20:44","167 2nd St, San Francisco, CA 94016"
505,177040,"USB-C Charging Cable",1,11.95,"04/15/19 09:27","485 7th St, San Francisco, CA 94016"
506,177041,"Wired Headphones",1,11.99,"04/11/19 12:59","265 Spruce St, Atlanta, GA 30301"
507,177042,"Lightning Charging Cable",1,14.95,"04/24/19 06:57","876 Hill St, San Francisco, CA 94016"
508,177043,"27in 4K Gaming Monitor",1,389.99,"04/02/19 22:02","658 West St, New York City, NY 10001"
509,177044,"AA Batteries (4-pack)",1,3.84,"04/01/19 20:31","817 4th St, Atlanta, GA 30301"
510,177045,"Flatscreen TV",1,300,"04/07/19 22:40","570 1st St, New York City, NY 10001"
511,177046,"Vareebadd Phone",1,400,"04/29/19 13:02","406 12th St, Los Angeles, CA 90001"
512,177047,"Lightning Charging Cable",1,14.95,"04/13/19 11:52","258 Johnson St, New York City, NY 10001"
513,177048,"Bose SoundSport Headphones",1,99.99,"04/12/19 21:23","432 5th St, New York City, NY 10001"
514,177049,"Wired Headphones",1,11.99,"04/03/19 06:55","154 Dogwood St, San Francisco, CA 94016"
515,177050,"Apple Airpods Headphones",1,150,"04/08/19 09:53","510 Elm St, Boston, MA 02215"
516,177051,"Wired Headphones",2,11.99,"04/07/19 08:41","777 Adams St, Boston, MA 02215"
517,177052,"USB-C Charging Cable",2,11.95,"04/02/19 09:30","532 Walnut St, San Francisco, CA 94016"
518,177053,"Wired Headphones",1,11.99,"04/24/19 20:45","5 Adams St, Boston, MA 02215"
519,177054,"Apple Airpods Headphones",1,150,"04/09/19 19:18","800 Jackson St, Atlanta, GA 30301"
520,177055,"Lightning Charging Cable",1,14.95,"04/09/19 12:37","59 Forest St, Atlanta, GA 30301"
521,177056,"Flatscreen TV",1,300,"04/20/19 23:52","180 9th St, San Francisco, CA 94016"
522,177057,"Bose SoundSport Headphones",1,99.99,"04/09/19 08:57","585 Cherry St, New York City, NY 10001"
523,177058,"20in Monitor",1,109.99,"04/07/19 09:24","144 Adams St, Los Angeles, CA 90001"
524,177059,"AAA Batteries (4-pack)",1,2.99,"04/19/19 22:55","991 Spruce St, San Francisco, CA 94016"
525,177060,"AA Batteries (4-pack)",1,3.84,"04/02/19 12:44","97 Wilson St, Boston, MA 02215"
526,177061,"Bose SoundSport Headphones",1,99.99,"04/09/19 09:33","913 North St, New York City, NY 10001"
527,177062,"Apple Airpods Headphones",1,150,"04/27/19 19:16","60 Highland St, San Francisco, CA 94016"
528,177063,"AAA Batteries (4-pack)",1,2.99,"04/05/19 18:23","489 Washington St, Los Angeles, CA 90001"
529,177064,"Wired Headphones",1,11.99,"04/02/19 20:57","216 12th St, Portland, OR 97035"
530,177065,"AAA Batteries (4-pack)",4,2.99,"04/03/19 21:04","171 Madison St, Boston, MA 02215"
531,177066,"Macbook Pro Laptop",1,1700,"04/08/19 20:02","278 10th St, San Francisco, CA 94016"
532,177067,"Lightning Charging Cable",1,14.95,"04/24/19 17:48","575 South St, Boston, MA 02215"
533,177068,"27in FHD Monitor",1,149.99,"04/02/19 06:53","749 South St, Los Angeles, CA 90001"
534,177069,iPhone,1,700,"04/17/19 13:40","295 Jackson St, Portland, OR 97035"
535,177070,"USB-C Charging Cable",1,11.95,"04/17/19 22:25","687 Chestnut St, San Francisco, CA 94016"
536,177071,"34in Ultrawide Monitor",1,379.99,"04/22/19 22:28","149 Ridge St, San Francisco, CA 94016"
537,177072,iPhone,1,700,"04/01/19 13:11","682 9th St, Portland, ME 04101"
538,177073,"AA Batteries (4-pack)",3,3.84,"04/01/19 15:59","725 Elm St, San Francisco, CA 94016"
539,177074,"27in FHD Monitor",1,149.99,"04/21/19 22:39","531 Main St, Boston, MA 02215"
540,177075,"Bose SoundSport Headphones",1,99.99,"04/26/19 05:30","985 Sunset St, San Francisco, CA 94016"
541,177076,"Wired Headphones",1,11.99,"04/28/19 19:45","959 Washington St, Los Angeles, CA 90001"
542,177077,"AAA Batteries (4-pack)",1,2.99,"04/10/19 07:11","403 Pine St, Dallas, TX 75001"
543,177078,"USB-C Charging Cable",1,11.95,"04/03/19 14:31","628 4th St, Seattle, WA 98101"
544,177079,"Lightning Charging Cable",1,14.95,"04/28/19 12:06","60 Cherry St, San Francisco, CA 94016"
545,177080,"AAA Batteries (4-pack)",1,2.99,"04/14/19 17:33","395 Spruce St, Atlanta, GA 30301"
546,177081,"Flatscreen TV",1,300,"04/09/19 08:36","920 West St, San Francisco, CA 94016"
547,177082,"34in Ultrawide Monitor",1,379.99,"04/12/19 02:30","15 Johnson St, Seattle, WA 98101"
548,177083,"Flatscreen TV",1,300,"04/12/19 12:45","876 Cedar St, New York City, NY 10001"
549,177084,"AA Batteries (4-pack)",1,3.84,"04/18/19 16:15","25 11th St, Boston, MA 02215"
550,177085,iPhone,1,700,"04/19/19 20:31","770 Elm St, New York City, NY 10001"
551,177086,"Lightning Charging Cable",1,14.95,"04/08/19 00:07","669 Chestnut St, Los Angeles, CA 90001"
552,177087,"Wired Headphones",1,11.99,"04/27/19 13:08","327 12th St, Atlanta, GA 30301"
553,177088,"AAA Batteries (4-pack)",3,2.99,"04/16/19 06:57","828 West St, Boston, MA 02215"
554,177089,"Apple Airpods Headphones",1,150,"04/10/19 17:46","872 North St, San Francisco, CA 94016"
555,177090,"USB-C Charging Cable",1,11.95,"04/09/19 17:18","234 River St, Los Angeles, CA 90001"
556,177091,"Apple Airpods Headphones",1,150,"04/05/19 13:51","61 Forest St, Los Angeles, CA 90001"
557,177092,"AAA Batteries (4-pack)",1,2.99,"04/04/19 15:00","544 Madison St, San Francisco, CA 94016"
558,177093,"27in FHD Monitor",1,149.99,"04/29/19 12:29","124 Church St, San Francisco, CA 94016"
559,177094,"Flatscreen TV",1,300,"04/30/19 13:02","785 8th St, Atlanta, GA 30301"
560,177095,"Lightning Charging Cable",1,14.95,"04/27/19 18:11","924 Cedar St, Atlanta, GA 30301"
561,177096,"USB-C Charging Cable",1,11.95,"04/06/19 19:49","115 Church St, Dallas, TX 75001"
562,177097,"Vareebadd Phone",1,400,"04/21/19 18:04","35 Hickory St, Los Angeles, CA 90001"
563,177098,"Apple Airpods Headphones",1,150,"04/30/19 12:07","960 4th St, Austin, TX 73301"
564,177099,"AA Batteries (4-pack)",1,3.84,"04/28/19 11:16","639 11th St, Austin, TX 73301"
565,177100,"ThinkPad Laptop",1,999.99,"04/06/19 15:28","93 Spruce St, Atlanta, GA 30301"
566,177101,"Flatscreen TV",1,300,"04/09/19 21:05","334 Wilson St, New York City, NY 10001"
567,177102,iPhone,1,700,"04/24/19 05:19","542 Center St, New York City, NY 10001"
568,177102,"27in 4K Gaming Monitor",1,389.99,"04/24/19 05:19","542 Center St, New York City, NY 10001"
569,177103,"ThinkPad Laptop",1,999.99,"04/12/19 11:41","532 10th St, Portland, OR 97035"
570,177104,"Lightning Charging Cable",1,14.95,"04/09/19 19:28","505 12th St, Boston, MA 02215"
571,177105,"Bose SoundSport Headphones",1,99.99,"04/10/19 18:39","60 Maple St, San Francisco, CA 94016"
572,177106,"USB-C Charging Cable",1,11.95,"04/01/19 17:10","167 9th St, Los Angeles, CA 90001"
573,177107,"Bose SoundSport Headphones",1,99.99,"04/20/19 20:12","153 Johnson St, Los Angeles, CA 90001"
574,177108,"Bose SoundSport Headphones",1,99.99,"04/28/19 19:34","410 Jefferson St, San Francisco, CA 94016"
575,177109,"Bose SoundSport Headphones",1,99.99,"04/08/19 10:12","550 Hickory St, New York City, NY 10001"
576,177110,"AAA Batteries (4-pack)",2,2.99,"04/28/19 12:56","307 8th St, San Francisco, CA 94016"
577,177111,"USB-C Charging Cable",1,11.95,"04/15/19 06:56","591 Sunset St, San Francisco, CA 94016"
578,177112,"USB-C Charging Cable",1,11.95,"04/23/19 11:40","66 Johnson St, Boston, MA 02215"
579,177113,"20in Monitor",1,109.99,"04/02/19 12:40","554 Cedar St, Austin, TX 73301"
580,177114,"Apple Airpods Headphones",1,150,"04/14/19 14:19","488 Ridge St, Portland, OR 97035"
581,177115,iPhone,1,700,"04/19/19 19:10","71 6th St, San Francisco, CA 94016"
582,177115,"Lightning Charging Cable",1,14.95,"04/19/19 19:10","71 6th St, San Francisco, CA 94016"
583,177116,"Bose SoundSport Headphones",1,99.99,"04/08/19 12:46","615 Cedar St, Los Angeles, CA 90001"
584,177117,"ThinkPad Laptop",1,999.99,"04/16/19 19:34","564 Hill St, San Francisco, CA 94016"
585,177117,"AAA Batteries (4-pack)",1,2.99,"04/16/19 19:34","564 Hill St, San Francisco, CA 94016"
586,177118,"AA Batteries (4-pack)",1,3.84,"04/23/19 05:12","618 Park St, San Francisco, CA 94016"
587,177119,"Vareebadd Phone",1,400,"04/06/19 20:13","617 Highland St, Seattle, WA 98101"
588,177120,"Macbook Pro Laptop",1,1700,"04/03/19 09:46","371 Church St, New York City, NY 10001"
589,177121,"Lightning Charging Cable",1,14.95,"04/23/19 20:54","377 Chestnut St, San Francisco, CA 94016"
590,177122,"Apple Airpods Headphones",1,150,"04/30/19 19:49","57 11th St, Seattle, WA 98101"
591,177123,"Flatscreen TV",1,300,"04/09/19 11:54","910 Cedar St, San Francisco, CA 94016"
592,177124,"Lightning Charging Cable",1,14.95,"04/02/19 19:52","473 4th St, Dallas, TX 75001"
593,177125,"Lightning Charging Cable",1,14.95,"04/23/19 21:40","377 Spruce St, Austin, TX 73301"
594,177126,"Bose SoundSport Headphones",1,99.99,"04/28/19 19:31","838 Johnson St, San Francisco, CA 94016"
595,177127,"27in FHD Monitor",1,149.99,"04/16/19 21:15","469 6th St, Austin, TX 73301"
596,177128,"Flatscreen TV",1,300,"04/03/19 20:10","162 14th St, Los Angeles, CA 90001"
597,177129,"Apple Airpods Headphones",1,150,"04/23/19 17:48","474 Elm St, San Francisco, CA 94016"
598,177130,"LG Washing Machine",1,600.0,"04/01/19 08:43","777 Center St, Los Angeles, CA 90001"
599,177131,"Lightning Charging Cable",1,14.95,"04/30/19 10:25","142 Wilson St, New York City, NY 10001"
600,177132,"27in FHD Monitor",1,149.99,"04/06/19 13:56","215 Walnut St, Atlanta, GA 30301"
601,177133,"27in FHD Monitor",1,149.99,"04/16/19 11:54","929 Jackson St, Los Angeles, CA 90001"
602,177134,"Lightning Charging Cable",1,14.95,"04/16/19 12:58","132 Ridge St, San Francisco, CA 94016"
603,177135,iPhone,1,700,"04/25/19 06:18","528 Ridge St, Los Angeles, CA 90001"
604,177136,"USB-C Charging Cable",1,11.95,"04/14/19 20:54","612 Center St, Boston, MA 02215"
605,177137,"AA Batteries (4-pack)",1,3.84,"04/06/19 12:20","72 11th St, Los Angeles, CA 90001"
606,177138,"AAA Batteries (4-pack)",1,2.99,"04/14/19 19:56","525 4th St, New York City, NY 10001"
607,177139,"Apple Airpods Headphones",2,150,"04/03/19 14:05","723 Madison St, San Francisco, CA 94016"
608,177140,"Lightning Charging Cable",1,14.95,"04/24/19 16:10","802 North St, Seattle, WA 98101"
609,177141,"AAA Batteries (4-pack)",1,2.99,"04/20/19 16:12","559 4th St, San Francisco, CA 94016"
610,177142,"Lightning Charging Cable",1,14.95,"04/08/19 12:07","555 Madison St, Boston, MA 02215"
611,177143,"Wired Headphones",1,11.99,"04/12/19 13:12","974 Madison St, Los Angeles, CA 90001"
612,177144,"27in 4K Gaming Monitor",1,389.99,"04/03/19 16:58","740 Jackson St, Portland, OR 97035"
613,177145,"LG Washing Machine",1,600.0,"04/25/19 09:50","790 Walnut St, San Francisco, CA 94016"
614,177146,"Lightning Charging Cable",1,14.95,"04/07/19 20:34","425 Hill St, Portland, OR 97035"
615,177147,"20in Monitor",1,109.99,"04/26/19 14:06","506 River St, San Francisco, CA 94016"
616,177148,"USB-C Charging Cable",1,11.95,"04/06/19 11:04","681 Center St, Atlanta, GA 30301"
617,177149,"34in Ultrawide Monitor",1,379.99,"04/24/19 06:23","346 12th St, Dallas, TX 75001"
618,177150,"Wired Headphones",1,11.99,"04/27/19 10:05","727 Pine St, Los Angeles, CA 90001"
619,177151,"ThinkPad Laptop",1,999.99,"04/11/19 10:24","625 Spruce St, San Francisco, CA 94016"
620,177152,"ThinkPad Laptop",1,999.99,"04/05/19 23:20","587 9th St, Los Angeles, CA 90001"
621,177153,"Flatscreen TV",1,300,"04/10/19 13:51","602 Jefferson St, Austin, TX 73301"
622,177154,"AAA Batteries (4-pack)",1,2.99,"04/27/19 15:40","136 6th St, San Francisco, CA 94016"
623,177155,"Lightning Charging Cable",1,14.95,"04/19/19 13:09","747 Cedar St, Seattle, WA 98101"
624,177156,"Apple Airpods Headphones",1,150,"04/05/19 16:21","367 Willow St, New York City, NY 10001"
625,177157,"AA Batteries (4-pack)",1,3.84,"04/14/19 10:52","518 Madison St, San Francisco, CA 94016"
626,177158,"Lightning Charging Cable",2,14.95,"04/12/19 07:16","294 Lincoln St, Los Angeles, CA 90001"
627,177159,"AAA Batteries (4-pack)",1,2.99,"04/14/19 23:16","600 Cedar St, Atlanta, GA 30301"
628,177160,"AAA Batteries (4-pack)",7,2.99,"04/26/19 11:37","689 7th St, Dallas, TX 75001"
629,177161,"Wired Headphones",1,11.99,"04/03/19 09:38","243 Pine St, San Francisco, CA 94016"
630,177162,"Bose SoundSport Headphones",1,99.99,"04/22/19 14:43","18 Main St, Los Angeles, CA 90001"
631,177163,"Wired Headphones",1,11.99,"04/19/19 09:30","579 14th St, San Francisco, CA 94016"
632,177164,"Lightning Charging Cable",1,14.95,"04/18/19 15:51","877 Hill St, Los Angeles, CA 90001"
633,177165,"Wired Headphones",1,11.99,"04/18/19 23:18","435 Highland St, San Francisco, CA 94016"
634,177166,"Wired Headphones",1,11.99,"04/04/19 16:13","375 13th St, Boston, MA 02215"
635,177167,iPhone,1,700,"04/28/19 16:40","39 Lakeview St, Boston, MA 02215"
636,177167,"Apple Airpods Headphones",1,150,"04/28/19 16:40","39 Lakeview St, Boston, MA 02215"
637,177167,"AAA Batteries (4-pack)",3,2.99,"04/28/19 16:40","39 Lakeview St, Boston, MA 02215"
638,177168,"Google Phone",1,600,"04/12/19 10:22","306 Jackson St, New York City, NY 10001"
639,177169,"27in FHD Monitor",1,149.99,"04/23/19 15:59","856 9th St, Portland, OR 97035"
640,177170,"USB-C Charging Cable",1,11.95,"04/21/19 15:19","756 10th St, San Francisco, CA 94016"
641,177171,"Vareebadd Phone",1,400,"04/06/19 01:03","550 Walnut St, San Francisco, CA 94016"
642,177172,"Bose SoundSport Headphones",1,99.99,"04/28/19 16:23","872 13th St, New York City, NY 10001"
643,177173,"Lightning Charging Cable",1,14.95,"04/25/19 12:49","396 Sunset St, Los Angeles, CA 90001"
644,177174,"AAA Batteries (4-pack)",1,2.99,"04/12/19 14:49","431 Walnut St, Los Angeles, CA 90001"
645,177175,"Macbook Pro Laptop",1,1700,"04/11/19 07:49","603 Lake St, Los Angeles, CA 90001"
646,177176,"USB-C Charging Cable",1,11.95,"04/01/19 11:36","5 Center St, Dallas, TX 75001"
647,177177,"AA Batteries (4-pack)",1,3.84,"04/08/19 12:10","182 12th St, San Francisco, CA 94016"
648,177178,iPhone,1,700,"04/07/19 00:02","342 Dogwood St, Seattle, WA 98101"
649,177178,"Lightning Charging Cable",1,14.95,"04/07/19 00:02","342 Dogwood St, Seattle, WA 98101"
650,177179,"Lightning Charging Cable",1,14.95,"04/15/19 08:32","225 Pine St, Austin, TX 73301"
651,177180,"USB-C Charging Cable",1,11.95,"04/18/19 22:27","679 Jackson St, Dallas, TX 75001"
652,177181,"Wired Headphones",1,11.99,"04/09/19 00:49","309 8th St, Los Angeles, CA 90001"
653,177181,"Apple Airpods Headphones",1,150,"04/09/19 00:49","309 8th St, Los Angeles, CA 90001"
654,177182,"Macbook Pro Laptop",1,1700,"04/10/19 22:00","332 10th St, Los Angeles, CA 90001"
655,177182,"ThinkPad Laptop",1,999.99,"04/10/19 22:00","332 10th St, Los Angeles, CA 90001"
656,177183,"Wired Headphones",1,11.99,"04/03/19 19:38","973 Lincoln St, Boston, MA 02215"
657,177184,"AA Batteries (4-pack)",1,3.84,"04/01/19 16:49","289 Hill St, Atlanta, GA 30301"
658,177184,"Flatscreen TV",1,300,"04/01/19 16:49","289 Hill St, Atlanta, GA 30301"
659,177185,"Lightning Charging Cable",1,14.95,"04/08/19 09:57","985 11th St, Dallas, TX 75001"
660,177186,"Bose SoundSport Headphones",1,99.99,"04/11/19 21:30","879 Ridge St, Austin, TX 73301"
661,177187,"Google Phone",1,600,"04/04/19 18:08","600 1st St, Seattle, WA 98101"
662,177188,"AAA Batteries (4-pack)",2,2.99,"04/29/19 23:34","281 Lake St, Los Angeles, CA 90001"
663,177189,"Bose SoundSport Headphones",1,99.99,"04/04/19 00:35","346 7th St, Dallas, TX 75001"
664,177190,"Lightning Charging Cable",1,14.95,"04/05/19 15:16","403 Lake St, San Francisco, CA 94016"
665,177191,"Bose SoundSport Headphones",1,99.99,"04/26/19 23:18","276 Cherry St, San Francisco, CA 94016"
666,177192,"AAA Batteries (4-pack)",1,2.99,"04/16/19 11:14","847 1st St, Los Angeles, CA 90001"
667,177193,"Apple Airpods Headphones",1,150,"04/24/19 10:22","333 Park St, San Francisco, CA 94016"
668,177194,"Lightning Charging Cable",1,14.95,"04/10/19 18:36","477 Wilson St, Austin, TX 73301"
669,177195,"AA Batteries (4-pack)",1,3.84,"04/25/19 17:39","598 Spruce St, San Francisco, CA 94016"
670,177196,"Apple Airpods Headphones",1,150,"04/03/19 15:03","193 1st St, San Francisco, CA 94016"
671,177197,"ThinkPad Laptop",1,999.99,"04/17/19 16:01","654 River St, New York City, NY 10001"
672,177198,"Vareebadd Phone",1,400,"04/06/19 16:07","154 6th St, New York City, NY 10001"
673,177198,"USB-C Charging Cable",2,11.95,"04/06/19 16:07","154 6th St, New York City, NY 10001"
674,177199,iPhone,1,700,"04/21/19 01:09","640 Hill St, Austin, TX 73301"
675,177200,"AAA Batteries (4-pack)",1,2.99,"04/19/19 11:55","419 4th St, Los Angeles, CA 90001"
676,177201,"USB-C Charging Cable",1,11.95,"04/26/19 16:13","505 River St, Los Angeles, CA 90001"
677,177201,"Lightning Charging Cable",1,14.95,"04/26/19 16:13","505 River St, Los Angeles, CA 90001"
678,177202,"USB-C Charging Cable",1,11.95,"04/08/19 07:26","828 Washington St, Atlanta, GA 30301"
679,177203,"27in FHD Monitor",1,149.99,"04/13/19 18:29","585 2nd St, Austin, TX 73301"
680,177204,"Lightning Charging Cable",1,14.95,"04/24/19 11:13","887 Johnson St, Austin, TX 73301"
681,177205,"AA Batteries (4-pack)",2,3.84,"04/18/19 14:52","927 Hill St, San Francisco, CA 94016"
682,177206,"Apple Airpods Headphones",1,150,"04/14/19 13:06","307 Washington St, New York City, NY 10001"
683,177207,"USB-C Charging Cable",1,11.95,"04/03/19 11:41","44 Cedar St, Dallas, TX 75001"
684,177208,"Vareebadd Phone",1,400,"04/30/19 18:04","164 2nd St, Austin, TX 73301"
685,177209,"Lightning Charging Cable",1,14.95,"04/22/19 08:31","799 Chestnut St, New York City, NY 10001"
686,177210,"AA Batteries (4-pack)",1,3.84,"04/21/19 18:47","462 Elm St, Boston, MA 02215"
687,177211,"AA Batteries (4-pack)",3,3.84,"04/29/19 12:40","107 Chestnut St, New York City, NY 10001"
688,177212,"Lightning Charging Cable",1,14.95,"04/10/19 18:45","561 Madison St, Portland, OR 97035"
689,177213,iPhone,1,700,"04/25/19 10:04","756 Lincoln St, Dallas, TX 75001"
690,177213,"Lightning Charging Cable",1,14.95,"04/25/19 10:04","756 Lincoln St, Dallas, TX 75001"
691,177214,"AAA Batteries (4-pack)",2,2.99,"04/09/19 02:05","616 9th St, Seattle, WA 98101"
692,177215,"Bose SoundSport Headphones",1,99.99,"04/10/19 09:01","67 13th St, Seattle, WA 98101"
693,177216,"Macbook Pro Laptop",1,1700,"04/25/19 17:45","712 12th St, Atlanta, GA 30301"
694,177217,"Macbook Pro Laptop",1,1700,"04/15/19 16:13","262 Willow St, New York City, NY 10001"
695,177218,"Wired Headphones",1,11.99,"04/18/19 22:28","222 River St, New York City, NY 10001"
696,177219,"AA Batteries (4-pack)",1,3.84,"04/01/19 07:59","380 Jefferson St, Seattle, WA 98101"
697,177220,"Wired Headphones",1,11.99,"04/02/19 19:09","244 Elm St, New York City, NY 10001"
698,177221,"34in Ultrawide Monitor",1,379.99,"04/12/19 20:33","5 Hickory St, San Francisco, CA 94016"
699,177222,"AA Batteries (4-pack)",3,3.84,"04/20/19 16:54","287 13th St, New York City, NY 10001"
700,177223,"27in 4K Gaming Monitor",1,389.99,"04/13/19 12:54","202 12th St, San Francisco, CA 94016"
701,177224,"Lightning Charging Cable",1,14.95,"04/07/19 20:31","151 5th St, Atlanta, GA 30301"
702,177225,"ThinkPad Laptop",1,999.99,"04/05/19 00:02","399 Church St, San Francisco, CA 94016"
703,177226,"Lightning Charging Cable",1,14.95,"04/25/19 18:22","884 Jackson St, Los Angeles, CA 90001"
704,177227,"AA Batteries (4-pack)",1,3.84,"04/12/19 07:28","544 11th St, Seattle, WA 98101"
705,177228,"Google Phone",1,600,"04/17/19 19:38","233 South St, Dallas, TX 75001"
706,177228,"AA Batteries (4-pack)",1,3.84,"04/17/19 19:38","233 South St, Dallas, TX 75001"
707,177229,"27in 4K Gaming Monitor",1,389.99,"04/12/19 20:56","877 Walnut St, Seattle, WA 98101"
708,177230,iPhone,1,700,"04/06/19 00:26","16 River St, Portland, ME 04101"
709,177231,"USB-C Charging Cable",1,11.95,"04/10/19 13:44","508 Johnson St, Austin, TX 73301"
710,177232,"Wired Headphones",1,11.99,"04/07/19 22:41","597 Jefferson St, San Francisco, CA 94016"
711,177233,"Google Phone",1,600,"04/25/19 15:59","622 7th St, Portland, ME 04101"
712,177234,"Lightning Charging Cable",1,14.95,"04/10/19 12:29","664 7th St, Atlanta, GA 30301"
713,177235,"AA Batteries (4-pack)",2,3.84,"04/01/19 13:27","369 9th St, Dallas, TX 75001"
714,177236,"Flatscreen TV",1,300,"04/25/19 18:52","388 2nd St, Los Angeles, CA 90001"
715,177237,"AA Batteries (4-pack)",1,3.84,"04/06/19 16:36","108 Center St, New York City, NY 10001"
716,177238,"AA Batteries (4-pack)",1,3.84,"04/25/19 19:04","966 Lake St, San Francisco, CA 94016"
717,177239,iPhone,1,700,"04/13/19 12:17","336 Maple St, San Francisco, CA 94016"
718,177240,"27in FHD Monitor",1,149.99,"04/13/19 18:30","226 Washington St, Los Angeles, CA 90001"
719,177241,"Lightning Charging Cable",1,14.95,"04/03/19 17:58","999 North St, Dallas, TX 75001"
720,177242,"USB-C Charging Cable",1,11.95,"04/12/19 16:12","354 Center St, New York City, NY 10001"
721,177243,"AAA Batteries (4-pack)",1,2.99,"04/29/19 20:37","287 North St, Los Angeles, CA 90001"
722,177244,"USB-C Charging Cable",1,11.95,"04/03/19 13:31","993 12th St, Los Angeles, CA 90001"
723,177245,"Lightning Charging Cable",1,14.95,"04/12/19 16:27","472 Sunset St, San Francisco, CA 94016"
724,177246,"AA Batteries (4-pack)",1,3.84,"04/19/19 18:06","768 Jefferson St, Seattle, WA 98101"
725,177247,"20in Monitor",1,109.99,"04/05/19 14:24","613 7th St, Los Angeles, CA 90001"
726,177248,"Lightning Charging Cable",1,14.95,"04/05/19 15:29","597 Maple St, San Francisco, CA 94016"
727,177249,"AA Batteries (4-pack)",1,3.84,"04/14/19 20:05","61 Adams St, Atlanta, GA 30301"
728,177250,"Apple Airpods Headphones",1,150,"04/29/19 18:50","586 Jackson St, Dallas, TX 75001"
729,177251,"Lightning Charging Cable",1,14.95,"04/18/19 10:42","580 Lincoln St, Austin, TX 73301"
730,177252,"Lightning Charging Cable",1,14.95,"04/14/19 16:36","904 Chestnut St, San Francisco, CA 94016"
731,177253,"Apple Airpods Headphones",1,150,"04/05/19 13:57","456 Cherry St, San Francisco, CA 94016"
732,177254,"AA Batteries (4-pack)",1,3.84,"04/21/19 02:12","689 Cherry St, Boston, MA 02215"
733,177254,"AAA Batteries (4-pack)",2,2.99,"04/21/19 02:12","689 Cherry St, Boston, MA 02215"
734,177255,"USB-C Charging Cable",2,11.95,"04/08/19 09:19","695 Hill St, Boston, MA 02215"
735,,,,,,
736,177256,"Bose SoundSport Headphones",1,99.99,"04/28/19 21:34","789 11th St, San Francisco, CA 94016"
737,177256,"AA Batteries (4-pack)",1,3.84,"04/28/19 21:34","789 11th St, San Francisco, CA 94016"
738,177257,"AA Batteries (4-pack)",1,3.84,"04/27/19 21:55","317 Hill St, Portland, OR 97035"
739,177258,"Lightning Charging Cable",1,14.95,"04/02/19 16:13","272 10th St, Dallas, TX 75001"
740,177259,"34in Ultrawide Monitor",1,379.99,"04/08/19 13:36","176 Hill St, New York City, NY 10001"
741,177260,"Bose SoundSport Headphones",1,99.99,"04/10/19 13:39","288 Jackson St, Atlanta, GA 30301"
742,177261,"34in Ultrawide Monitor",1,379.99,"04/16/19 23:25","804 8th St, Boston, MA 02215"
743,177262,"USB-C Charging Cable",1,11.95,"04/03/19 13:57","804 Johnson St, Portland, OR 97035"
744,177263,"27in 4K Gaming Monitor",1,389.99,"04/29/19 11:18","70 Johnson St, San Francisco, CA 94016"
745,177264,"AAA Batteries (4-pack)",2,2.99,"04/05/19 21:35","236 9th St, Austin, TX 73301"
746,177265,"Bose SoundSport Headphones",1,99.99,"04/28/19 15:45","164 Hickory St, San Francisco, CA 94016"
747,177266,"AA Batteries (4-pack)",1,3.84,"04/21/19 19:20","251 Highland St, New York City, NY 10001"
748,177267,"Bose SoundSport Headphones",1,99.99,"04/23/19 11:00","410 Hill St, Atlanta, GA 30301"
749,177268,"AAA Batteries (4-pack)",2,2.99,"04/01/19 21:21","985 Main St, New York City, NY 10001"
750,177269,"AAA Batteries (4-pack)",1,2.99,"04/16/19 19:22","460 2nd St, Dallas, TX 75001"
751,177270,"Google Phone",1,600,"04/22/19 20:34","518 North St, Los Angeles, CA 90001"
752,177271,"AA Batteries (4-pack)",1,3.84,"04/21/19 08:53","832 Adams St, New York City, NY 10001"
753,177272,"Lightning Charging Cable",2,14.95,"04/23/19 15:28","195 South St, Boston, MA 02215"
754,177273,"USB-C Charging Cable",1,11.95,"04/17/19 08:29","351 4th St, San Francisco, CA 94016"
755,177274,"AA Batteries (4-pack)",1,3.84,"04/23/19 11:59","559 Washington St, Seattle, WA 98101"
756,177275,"AA Batteries (4-pack)",2,3.84,"04/22/19 18:26","542 14th St, Boston, MA 02215"
757,177276,"AA Batteries (4-pack)",1,3.84,"04/29/19 20:06","519 13th St, New York City, NY 10001"
758,177277,"Wired Headphones",1,11.99,"04/02/19 17:26","467 Elm St, San Francisco, CA 94016"
759,177278,"AA Batteries (4-pack)",1,3.84,"04/19/19 10:41","936 Maple St, Boston, MA 02215"
760,177279,"27in 4K Gaming Monitor",1,389.99,"04/22/19 22:27","235 Church St, Dallas, TX 75001"
761,177280,"Lightning Charging Cable",1,14.95,"04/16/19 20:02","23 Madison St, San Francisco, CA 94016"
762,177281,"27in FHD Monitor",1,149.99,"04/29/19 11:51","524 Hickory St, Atlanta, GA 30301"
763,177282,"Wired Headphones",1,11.99,"04/08/19 23:44","710 7th St, Los Angeles, CA 90001"
764,177283,"USB-C Charging Cable",1,11.95,"04/04/19 23:36","874 Maple St, San Francisco, CA 94016"
765,177284,"Bose SoundSport Headphones",1,99.99,"04/18/19 12:15","593 Church St, Boston, MA 02215"
766,177285,"20in Monitor",1,109.99,"04/02/19 21:26","947 Hickory St, San Francisco, CA 94016"
767,177286,"AAA Batteries (4-pack)",1,2.99,"04/05/19 11:10","545 5th St, New York City, NY 10001"
768,177287,"AA Batteries (4-pack)",2,3.84,"04/18/19 13:17","463 Hill St, San Francisco, CA 94016"
769,177288,"USB-C Charging Cable",1,11.95,"04/03/19 17:47","102 Center St, San Francisco, CA 94016"
770,177289,"Lightning Charging Cable",1,14.95,"04/04/19 09:18","441 Lakeview St, Dallas, TX 75001"
771,177290,"27in FHD Monitor",1,149.99,"04/05/19 22:23","37 Sunset St, San Francisco, CA 94016"
772,177291,"Apple Airpods Headphones",1,150,"04/24/19 11:19","172 Lincoln St, New York City, NY 10001"
773,177292,"Wired Headphones",1,11.99,"04/11/19 19:10","76 Jefferson St, Los Angeles, CA 90001"
774,177293,"AA Batteries (4-pack)",3,3.84,"04/20/19 12:04","223 2nd St, New York City, NY 10001"
775,177294,"Lightning Charging Cable",1,14.95,"04/21/19 14:31","573 Madison St, Austin, TX 73301"
776,177295,"AAA Batteries (4-pack)",2,2.99,"04/25/19 10:47","736 1st St, Boston, MA 02215"
777,177296,"Lightning Charging Cable",1,14.95,"04/05/19 19:16","846 Meadow St, New York City, NY 10001"
778,177297,"Apple Airpods Headphones",1,150,"04/21/19 14:25","4 Cherry St, Boston, MA 02215"
779,177298,"34in Ultrawide Monitor",1,379.99,"04/13/19 14:44","173 1st St, New York City, NY 10001"
780,177299,"AAA Batteries (4-pack)",1,2.99,"04/30/19 21:04","555 2nd St, Portland, ME 04101"
781,177300,"20in Monitor",1,109.99,"04/03/19 21:33","276 Lincoln St, Los Angeles, CA 90001"
782,177300,"Apple Airpods Headphones",1,150,"04/03/19 21:33","276 Lincoln St, Los Angeles, CA 90001"
783,177301,"AA Batteries (4-pack)",1,3.84,"04/04/19 16:11","102 Chestnut St, Los Angeles, CA 90001"
784,177302,"27in FHD Monitor",1,149.99,"04/30/19 21:10","560 Sunset St, Los Angeles, CA 90001"
785,177303,"Wired Headphones",1,11.99,"04/01/19 23:19","890 Jefferson St, Boston, MA 02215"
786,177304,"Lightning Charging Cable",1,14.95,"04/27/19 18:20","181 Dogwood St, Los Angeles, CA 90001"
787,177305,"20in Monitor",1,109.99,"04/19/19 11:25","164 Pine St, Seattle, WA 98101"
788,177306,"20in Monitor",1,109.99,"04/02/19 18:03","171 Chestnut St, Portland, ME 04101"
789,177307,"Wired Headphones",1,11.99,"04/24/19 13:18","380 Cedar St, Austin, TX 73301"
790,177308,"AA Batteries (4-pack)",2,3.84,"04/05/19 19:30","944 Washington St, Boston, MA 02215"
791,177309,"27in 4K Gaming Monitor",1,389.99,"04/03/19 10:31","980 Hickory St, New York City, NY 10001"
792,177310,iPhone,1,700,"04/29/19 20:03","68 Chestnut St, Los Angeles, CA 90001"
793,177311,"Lightning Charging Cable",1,14.95,"04/25/19 16:03","782 South St, Dallas, TX 75001"
794,177312,"AA Batteries (4-pack)",3,3.84,"04/22/19 16:58","455 North St, San Francisco, CA 94016"
795,177313,"Macbook Pro Laptop",1,1700,"04/11/19 17:19","317 Madison St, San Francisco, CA 94016"
796,177314,"Apple Airpods Headphones",1,150,"04/18/19 07:29","462 Lincoln St, Seattle, WA 98101"
797,177315,"27in FHD Monitor",1,149.99,"04/04/19 19:30","121 Walnut St, Seattle, WA 98101"
798,177316,iPhone,1,700,"04/01/19 10:25","454 4th St, Dallas, TX 75001"
799,177317,"AAA Batteries (4-pack)",1,2.99,"04/18/19 11:16","49 Cedar St, San Francisco, CA 94016"
800,177318,iPhone,1,700,"04/10/19 20:44","484 10th St, New York City, NY 10001"
801,177319,"USB-C Charging Cable",1,11.95,"04/09/19 18:21","650 14th St, Los Angeles, CA 90001"
802,177320,"Flatscreen TV",1,300,"04/03/19 12:55","162 North St, San Francisco, CA 94016"
803,177321,"27in 4K Gaming Monitor",1,389.99,"04/19/19 22:02","115 Wilson St, Los Angeles, CA 90001"
804,177322,"USB-C Charging Cable",1,11.95,"04/28/19 12:41","652 Lakeview St, Seattle, WA 98101"
805,177323,"Lightning Charging Cable",1,14.95,"04/12/19 20:15","584 Jackson St, Seattle, WA 98101"
806,177324,"Wired Headphones",1,11.99,"04/02/19 18:24","809 11th St, Atlanta, GA 30301"
807,177325,"Apple Airpods Headphones",1,150,"04/13/19 20:54","844 12th St, San Francisco, CA 94016"
808,177326,"Bose SoundSport Headphones",1,99.99,"04/28/19 20:17","847 Cherry St, Los Angeles, CA 90001"
809,177327,"Lightning Charging Cable",1,14.95,"04/21/19 20:41","837 Adams St, Boston, MA 02215"
810,177328,"ThinkPad Laptop",1,999.99,"04/17/19 22:24","857 Ridge St, Boston, MA 02215"
811,177329,iPhone,1,700,"04/29/19 08:12","653 Walnut St, Seattle, WA 98101"
812,177330,"USB-C Charging Cable",1,11.95,"04/30/19 10:55","698 12th St, San Francisco, CA 94016"
813,177331,"USB-C Charging Cable",1,11.95,"04/10/19 19:55","1 Ridge St, Boston, MA 02215"
814,177332,"Apple Airpods Headphones",1,150,"04/08/19 12:24","859 5th St, Seattle, WA 98101"
815,177333,"Apple Airpods Headphones",1,150,"04/03/19 07:28","689 Madison St, Boston, MA 02215"
816,177334,"Wired Headphones",1,11.99,"04/19/19 22:37","522 12th St, Atlanta, GA 30301"
817,177335,"Wired Headphones",1,11.99,"04/14/19 21:59","95 South St, New York City, NY 10001"
818,177336,"Apple Airpods Headphones",1,150,"04/17/19 12:50","159 7th St, Seattle, WA 98101"
819,177337,"AAA Batteries (4-pack)",1,2.99,"04/15/19 18:17","975 Sunset St, Seattle, WA 98101"
820,177338,"Wired Headphones",1,11.99,"04/21/19 15:42","130 4th St, Los Angeles, CA 90001"
821,177339,"Wired Headphones",1,11.99,"04/05/19 11:19","64 Maple St, Portland, OR 97035"
822,177340,"27in 4K Gaming Monitor",1,389.99,"04/08/19 22:06","811 Spruce St, Los Angeles, CA 90001"
823,177341,"AA Batteries (4-pack)",2,3.84,"04/13/19 11:27","822 2nd St, New York City, NY 10001"
824,177342,"Bose SoundSport Headphones",1,99.99,"04/14/19 20:59","451 Pine St, San Francisco, CA 94016"
825,177343,"USB-C Charging Cable",1,11.95,"04/07/19 10:47","221 Walnut St, San Francisco, CA 94016"
826,177344,"Google Phone",1,600,"04/20/19 19:54","286 Jackson St, Los Angeles, CA 90001"
827,177345,"Wired Headphones",1,11.99,"04/12/19 13:53","625 2nd St, New York City, NY 10001"
828,177346,"27in 4K Gaming Monitor",1,389.99,"04/13/19 00:26","593 Spruce St, Los Angeles, CA 90001"
829,177347,"Bose SoundSport Headphones",1,99.99,"04/30/19 08:00","888 Pine St, Atlanta, GA 30301"
830,177348,"Macbook Pro Laptop",1,1700,"04/04/19 18:11","972 9th St, Seattle, WA 98101"
831,177349,"Lightning Charging Cable",1,14.95,"04/17/19 08:26","163 Forest St, Boston, MA 02215"
832,177350,"Google Phone",1,600,"04/21/19 13:55","833 Wilson St, Portland, OR 97035"
833,177351,iPhone,1,700,"04/13/19 07:52","844 6th St, Dallas, TX 75001"
834,177352,"34in Ultrawide Monitor",1,379.99,"04/30/19 18:46","464 Walnut St, Los Angeles, CA 90001"
835,177353,"Macbook Pro Laptop",1,1700,"04/04/19 10:27","654 South St, Portland, OR 97035"
836,177354,"Google Phone",1,600,"04/11/19 22:38","432 Chestnut St, New York City, NY 10001"
837,177355,"34in Ultrawide Monitor",1,379.99,"04/07/19 13:52","233 Jefferson St, Seattle, WA 98101"
838,177356,"27in FHD Monitor",1,149.99,"04/03/19 20:19","69 10th St, New York City, NY 10001"
839,177357,"Wired Headphones",1,11.99,"04/08/19 20:26","139 Pine St, Los Angeles, CA 90001"
840,177358,"AAA Batteries (4-pack)",1,2.99,"04/04/19 01:48","159 Cherry St, Boston, MA 02215"
841,177359,"Macbook Pro Laptop",1,1700,"04/18/19 14:47","143 Willow St, San Francisco, CA 94016"
842,177360,"AAA Batteries (4-pack)",2,2.99,"04/29/19 19:12","636 River St, New York City, NY 10001"
843,177361,"AA Batteries (4-pack)",2,3.84,"04/26/19 11:23","440 5th St, Boston, MA 02215"
844,177362,"Flatscreen TV",1,300,"04/13/19 15:30","602 Sunset St, Portland, OR 97035"
845,177363,"Bose SoundSport Headphones",1,99.99,"04/04/19 13:55","758 Spruce St, Los Angeles, CA 90001"
846,177364,"ThinkPad Laptop",1,999.99,"04/29/19 15:59","938 Forest St, Los Angeles, CA 90001"
847,177365,"AAA Batteries (4-pack)",1,2.99,"04/06/19 15:22","18 9th St, San Francisco, CA 94016"
848,177366,"Apple Airpods Headphones",1,150,"04/27/19 14:47","81 13th St, New York City, NY 10001"
849,177367,"Google Phone",1,600,"04/05/19 07:52","141 Chestnut St, San Francisco, CA 94016"
850,177367,"USB-C Charging Cable",1,11.95,"04/05/19 07:52","141 Chestnut St, San Francisco, CA 94016"
851,177367,"Bose SoundSport Headphones",1,99.99,"04/05/19 07:52","141 Chestnut St, San Francisco, CA 94016"
852,177368,"USB-C Charging Cable",1,11.95,"04/03/19 14:36","209 2nd St, Seattle, WA 98101"
853,177369,"27in FHD Monitor",1,149.99,"04/12/19 16:54","329 North St, Boston, MA 02215"
854,177370,"Apple Airpods Headphones",1,150,"04/10/19 18:32","732 Forest St, New York City, NY 10001"
855,177371,"Bose SoundSport Headphones",1,99.99,"04/19/19 20:15","715 Church St, Los Angeles, CA 90001"
856,177372,"27in 4K Gaming Monitor",1,389.99,"04/27/19 15:23","61 Spruce St, San Francisco, CA 94016"
857,177373,"27in FHD Monitor",1,149.99,"04/22/19 12:14","564 Lake St, San Francisco, CA 94016"
858,177374,"Lightning Charging Cable",1,14.95,"04/25/19 08:01","829 Dogwood St, San Francisco, CA 94016"
859,177375,"Wired Headphones",1,11.99,"04/02/19 19:11","513 West St, Boston, MA 02215"
860,177376,"AAA Batteries (4-pack)",1,2.99,"04/04/19 00:31","670 7th St, San Francisco, CA 94016"
861,177377,"Wired Headphones",1,11.99,"04/08/19 11:46","369 Hickory St, Dallas, TX 75001"
862,177378,"Bose SoundSport Headphones",1,99.99,"04/04/19 22:15","504 Lake St, San Francisco, CA 94016"
863,177379,"Google Phone",1,600,"04/19/19 14:24","673 South St, Boston, MA 02215"
864,177380,"Lightning Charging Cable",1,14.95,"04/03/19 20:56","512 Center St, Atlanta, GA 30301"
865,177381,"Bose SoundSport Headphones",1,99.99,"04/25/19 08:56","887 Hickory St, Dallas, TX 75001"
866,177382,"Apple Airpods Headphones",1,150,"04/12/19 13:11","843 13th St, San Francisco, CA 94016"
867,177383,"LG Dryer",1,600.0,"04/17/19 18:52","759 Spruce St, Austin, TX 73301"
868,177384,"Flatscreen TV",1,300,"04/24/19 15:27","425 Jackson St, New York City, NY 10001"
869,177385,"Macbook Pro Laptop",1,1700,"04/11/19 12:08","27 Adams St, San Francisco, CA 94016"
870,177386,"34in Ultrawide Monitor",1,379.99,"04/17/19 15:44","154 South St, Atlanta, GA 30301"
871,177387,"AA Batteries (4-pack)",1,3.84,"04/03/19 22:10","218 10th St, Austin, TX 73301"
872,177388,"Lightning Charging Cable",1,14.95,"04/24/19 12:50","651 8th St, Boston, MA 02215"
873,177389,"Lightning Charging Cable",2,14.95,"04/24/19 12:07","672 West St, Seattle, WA 98101"
874,177390,"Wired Headphones",1,11.99,"04/28/19 17:14","494 Hickory St, Los Angeles, CA 90001"
875,177391,"AA Batteries (4-pack)",1,3.84,"04/08/19 11:47","477 Jackson St, San Francisco, CA 94016"
876,177392,"USB-C Charging Cable",1,11.95,"04/23/19 12:45","139 5th St, Atlanta, GA 30301"
877,177393,"27in FHD Monitor",1,149.99,"04/18/19 11:43","903 Center St, Dallas, TX 75001"
878,177394,"Apple Airpods Headphones",1,150,"04/22/19 12:10","144 Cherry St, Seattle, WA 98101"
879,177395,"34in Ultrawide Monitor",1,379.99,"04/03/19 00:08","22 Main St, San Francisco, CA 94016"
880,177396,"Wired Headphones",1,11.99,"04/17/19 14:29","217 Hill St, Boston, MA 02215"
881,177397,"20in Monitor",1,109.99,"04/27/19 18:20","438 Park St, Austin, TX 73301"
882,177398,"27in FHD Monitor",1,149.99,"04/13/19 21:54","640 8th St, Los Angeles, CA 90001"
883,177398,"AAA Batteries (4-pack)",1,2.99,"04/13/19 21:54","640 8th St, Los Angeles, CA 90001"
884,177399,"AAA Batteries (4-pack)",1,2.99,"04/30/19 01:32","739 North St, San Francisco, CA 94016"
885,177400,"USB-C Charging Cable",2,11.95,"04/24/19 06:44","964 Ridge St, Portland, ME 04101"
886,177401,"Flatscreen TV",1,300,"04/24/19 10:16","393 Hickory St, Los Angeles, CA 90001"
887,177402,"AAA Batteries (4-pack)",2,2.99,"04/09/19 21:06","447 10th St, New York City, NY 10001"
888,177403,"Bose SoundSport Headphones",1,99.99,"04/18/19 07:26","717 6th St, New York City, NY 10001"
889,177404,"Bose SoundSport Headphones",1,99.99,"04/14/19 19:03","890 Dogwood St, Los Angeles, CA 90001"
890,177405,"Lightning Charging Cable",1,14.95,"04/09/19 16:38","564 Pine St, San Francisco, CA 94016"
891,177406,"AA Batteries (4-pack)",2,3.84,"04/05/19 16:46","547 Sunset St, San Francisco, CA 94016"
892,177407,"USB-C Charging Cable",1,11.95,"04/10/19 21:40","339 Spruce St, Boston, MA 02215"
893,177408,"Bose SoundSport Headphones",1,99.99,"04/21/19 19:16","53 2nd St, San Francisco, CA 94016"
894,177409,"USB-C Charging Cable",1,11.95,"04/21/19 19:57","577 South St, Portland, OR 97035"
895,177410,"Lightning Charging Cable",1,14.95,"04/05/19 07:45","257 Wilson St, Atlanta, GA 30301"
896,177411,"Wired Headphones",1,11.99,"04/05/19 19:46","94 Maple St, Boston, MA 02215"
897,177412,"Apple Airpods Headphones",1,150,"04/15/19 19:19","557 Pine St, Boston, MA 02215"
898,177413,"Wired Headphones",1,11.99,"04/07/19 21:34","892 12th St, Seattle, WA 98101"
899,177414,"AAA Batteries (4-pack)",1,2.99,"04/27/19 18:18","151 Lakeview St, Boston, MA 02215"
900,177415,"34in Ultrawide Monitor",1,379.99,"04/07/19 01:27","505 10th St, Portland, ME 04101"
901,177416,"AAA Batteries (4-pack)",1,2.99,"04/15/19 12:58","75 Spruce St, Los Angeles, CA 90001"
902,177417,"34in Ultrawide Monitor",1,379.99,"04/10/19 07:10","13 Cherry St, San Francisco, CA 94016"
903,177418,"Wired Headphones",1,11.99,"04/18/19 21:22","440 Cherry St, Dallas, TX 75001"
904,177419,"Lightning Charging Cable",1,14.95,"04/23/19 08:49","604 South St, Boston, MA 02215"
905,177420,"Lightning Charging Cable",1,14.95,"04/14/19 13:45","593 Chestnut St, San Francisco, CA 94016"
906,177421,"AAA Batteries (4-pack)",1,2.99,"04/06/19 21:55","818 9th St, San Francisco, CA 94016"
907,177422,"Macbook Pro Laptop",1,1700,"04/05/19 19:52","368 Jackson St, San Francisco, CA 94016"
908,177423,"Wired Headphones",1,11.99,"04/23/19 10:14","897 7th St, Dallas, TX 75001"
909,177424,"USB-C Charging Cable",1,11.95,"04/21/19 12:13","915 Walnut St, New York City, NY 10001"
910,177425,"AAA Batteries (4-pack)",1,2.99,"04/26/19 10:50","234 6th St, San Francisco, CA 94016"
911,177426,"Wired Headphones",1,11.99,"04/14/19 20:07","988 West St, New York City, NY 10001"
912,177427,"Bose SoundSport Headphones",1,99.99,"04/10/19 13:48","216 Washington St, Atlanta, GA 30301"
913,177428,"Vareebadd Phone",1,400,"04/15/19 08:19","481 Jefferson St, Boston, MA 02215"
914,177428,"USB-C Charging Cable",1,11.95,"04/15/19 08:19","481 Jefferson St, Boston, MA 02215"
915,177429,"Wired Headphones",1,11.99,"04/05/19 18:07","685 Maple St, Los Angeles, CA 90001"
916,177430,iPhone,1,700,"04/08/19 12:05","821 Sunset St, Seattle, WA 98101"
917,177431,"AA Batteries (4-pack)",2,3.84,"04/28/19 20:43","942 Jackson St, Austin, TX 73301"
918,177432,"Apple Airpods Headphones",1,150,"04/08/19 10:25","686 North St, San Francisco, CA 94016"
919,177433,"27in FHD Monitor",1,149.99,"04/29/19 10:22","377 Park St, Boston, MA 02215"
920,177434,"USB-C Charging Cable",1,11.95,"04/14/19 19:47","456 13th St, New York City, NY 10001"
921,177435,"USB-C Charging Cable",1,11.95,"04/03/19 18:51","290 Johnson St, Dallas, TX 75001"
922,177436,"Lightning Charging Cable",1,14.95,"04/11/19 20:37","150 Hickory St, New York City, NY 10001"
923,177437,"Wired Headphones",1,11.99,"04/18/19 15:54","792 Cedar St, New York City, NY 10001"
924,177438,"Wired Headphones",1,11.99,"04/22/19 08:59","430 Ridge St, New York City, NY 10001"
925,177439,"Lightning Charging Cable",1,14.95,"04/14/19 17:22","735 Ridge St, San Francisco, CA 94016"
926,177440,"Macbook Pro Laptop",1,1700,"04/20/19 14:39","156 Hickory St, Los Angeles, CA 90001"
927,177441,iPhone,1,700,"04/16/19 14:38","559 Elm St, Dallas, TX 75001"
928,177441,"Lightning Charging Cable",1,14.95,"04/16/19 14:38","559 Elm St, Dallas, TX 75001"
929,177442,"AAA Batteries (4-pack)",1,2.99,"04/30/19 06:59","380 Church St, New York City, NY 10001"
930,177443,"Apple Airpods Headphones",1,150,"04/21/19 16:42","23 9th St, Dallas, TX 75001"
931,177443,"27in 4K Gaming Monitor",1,389.99,"04/21/19 16:42","23 9th St, Dallas, TX 75001"
932,177444,"34in Ultrawide Monitor",1,379.99,"04/19/19 10:59","670 Elm St, Atlanta, GA 30301"
933,177445,"Lightning Charging Cable",1,14.95,"04/21/19 02:24","614 Meadow St, Austin, TX 73301"
934,177446,"Lightning Charging Cable",1,14.95,"04/10/19 19:23","399 10th St, Austin, TX 73301"
935,177447,"AA Batteries (4-pack)",3,3.84,"04/29/19 15:54","882 River St, Boston, MA 02215"
936,177448,"Google Phone",1,600,"04/24/19 19:38","915 Forest St, Los Angeles, CA 90001"
937,177448,"USB-C Charging Cable",1,11.95,"04/24/19 19:38","915 Forest St, Los Angeles, CA 90001"
938,177449,"Macbook Pro Laptop",1,1700,"04/29/19 14:07","272 Lakeview St, Portland, OR 97035"
939,177450,"ThinkPad Laptop",1,999.99,"04/17/19 19:32","525 Meadow St, New York City, NY 10001"
940,177451,"USB-C Charging Cable",1,11.95,"04/18/19 00:52","947 Hickory St, San Francisco, CA 94016"
941,177452,"Wired Headphones",1,11.99,"04/03/19 13:22","987 Forest St, San Francisco, CA 94016"
942,177453,iPhone,1,700,"04/16/19 21:05","865 Sunset St, Portland, OR 97035"
943,177454,"Lightning Charging Cable",1,14.95,"04/01/19 23:13","136 14th St, San Francisco, CA 94016"
944,177455,"Bose SoundSport Headphones",1,99.99,"04/05/19 10:21","864 North St, Austin, TX 73301"
945,177456,"Flatscreen TV",1,300,"04/24/19 23:54","729 10th St, Los Angeles, CA 90001"
946,177457,"27in 4K Gaming Monitor",1,389.99,"04/14/19 20:45","753 North St, New York City, NY 10001"
947,177458,"Macbook Pro Laptop",1,1700,"04/29/19 08:17","807 Wilson St, Dallas, TX 75001"
948,177459,"AA Batteries (4-pack)",1,3.84,"04/03/19 19:31","283 10th St, San Francisco, CA 94016"
949,177460,"USB-C Charging Cable",2,11.95,"04/20/19 20:38","890 2nd St, San Francisco, CA 94016"
950,177461,"27in 4K Gaming Monitor",1,389.99,"04/26/19 23:36","396 7th St, Boston, MA 02215"
951,177462,"34in Ultrawide Monitor",1,379.99,"04/10/19 16:25","792 Meadow St, Seattle, WA 98101"
952,177463,"USB-C Charging Cable",1,11.95,"04/30/19 16:02","321 Pine St, Los Angeles, CA 90001"
953,177464,"Bose SoundSport Headphones",1,99.99,"04/21/19 10:05","777 7th St, San Francisco, CA 94016"
954,177465,"Macbook Pro Laptop",1,1700,"04/13/19 09:13","655 13th St, Boston, MA 02215"
955,177466,"Apple Airpods Headphones",1,150,"04/21/19 17:09","104 Elm St, San Francisco, CA 94016"
956,177467,"Lightning Charging Cable",1,14.95,"04/04/19 11:09","810 Hill St, Atlanta, GA 30301"
957,177468,"Bose SoundSport Headphones",1,99.99,"04/12/19 10:12","226 Park St, Los Angeles, CA 90001"
958,177469,"34in Ultrawide Monitor",1,379.99,"04/22/19 10:04","293 10th St, San Francisco, CA 94016"
959,177470,"Apple Airpods Headphones",1,150,"04/30/19 12:16","168 7th St, New York City, NY 10001"
960,177471,"Lightning Charging Cable",1,14.95,"04/19/19 18:39","410 Forest St, San Francisco, CA 94016"
961,177472,"Bose SoundSport Headphones",1,99.99,"04/23/19 18:14","399 West St, San Francisco, CA 94016"
962,177473,"Macbook Pro Laptop",1,1700,"04/02/19 18:24","844 12th St, New York City, NY 10001"
963,177474,"Wired Headphones",1,11.99,"04/30/19 18:37","768 North St, New York City, NY 10001"
964,177475,"AAA Batteries (4-pack)",3,2.99,"04/30/19 08:40","187 Spruce St, San Francisco, CA 94016"
965,177476,"Bose SoundSport Headphones",1,99.99,"04/03/19 16:01","354 8th St, San Francisco, CA 94016"
966,177477,"AAA Batteries (4-pack)",1,2.99,"04/03/19 19:49","339 5th St, New York City, NY 10001"
967,177478,"USB-C Charging Cable",1,11.95,"04/28/19 22:18","570 Elm St, Atlanta, GA 30301"
968,177479,"ThinkPad Laptop",1,999.99,"04/27/19 10:39","941 Jefferson St, Boston, MA 02215"
969,177480,"34in Ultrawide Monitor",1,379.99,"04/24/19 14:40","560 Lake St, Austin, TX 73301"
970,177481,iPhone,1,700,"04/13/19 16:54","135 Forest St, Dallas, TX 75001"
971,177482,"Bose SoundSport Headphones",1,99.99,"04/15/19 19:10","694 12th St, Portland, OR 97035"
972,177483,"27in FHD Monitor",1,149.99,"04/28/19 22:55","904 Forest St, Portland, OR 97035"
973,177484,"USB-C Charging Cable",1,11.95,"04/24/19 19:47","574 Willow St, Portland, ME 04101"
974,177485,"Bose SoundSport Headphones",1,99.99,"04/06/19 20:43","184 4th St, New York City, NY 10001"
975,177486,"ThinkPad Laptop",1,999.99,"04/21/19 16:24","809 Highland St, Seattle, WA 98101"
976,177486,"Google Phone",1,600,"04/21/19 16:24","809 Highland St, Seattle, WA 98101"
977,177487,"Bose SoundSport Headphones",1,99.99,"04/23/19 10:04","770 Main St, Dallas, TX 75001"
978,177488,"27in FHD Monitor",1,149.99,"04/03/19 20:40","181 Meadow St, Boston, MA 02215"
979,177489,"Bose SoundSport Headphones",1,99.99,"04/10/19 20:18","364 Ridge St, San Francisco, CA 94016"
980,177490,"AA Batteries (4-pack)",3,3.84,"04/08/19 16:31","574 Park St, San Francisco, CA 94016"
981,177491,"Apple Airpods Headphones",1,150,"04/15/19 20:42","459 Walnut St, San Francisco, CA 94016"
982,177492,"ThinkPad Laptop",1,999.99,"04/15/19 09:14","60 Ridge St, San Francisco, CA 94016"
983,177493,"Apple Airpods Headphones",1,150,"04/27/19 20:40","940 Church St, San Francisco, CA 94016"
984,177494,"AA Batteries (4-pack)",1,3.84,"04/22/19 05:37","480 North St, Seattle, WA 98101"
985,177495,"Flatscreen TV",1,300,"04/18/19 23:01","698 Cherry St, San Francisco, CA 94016"
986,177496,iPhone,1,700,"04/07/19 19:54","241 Walnut St, Los Angeles, CA 90001"
987,177497,"ThinkPad Laptop",1,999.99,"04/16/19 10:30","135 6th St, San Francisco, CA 94016"
988,177498,"Lightning Charging Cable",1,14.95,"04/22/19 15:42","624 8th St, Austin, TX 73301"
989,177499,"Bose SoundSport Headphones",1,99.99,"04/27/19 13:18","92 Willow St, Los Angeles, CA 90001"
990,177500,"Bose SoundSport Headphones",1,99.99,"04/24/19 17:30","841 South St, Boston, MA 02215"
991,177501,"Wired Headphones",1,11.99,"04/10/19 03:43","888 14th St, Seattle, WA 98101"
992,177502,"AAA Batteries (4-pack)",2,2.99,"04/27/19 18:42","311 Meadow St, Dallas, TX 75001"
993,177503,"Wired Headphones",1,11.99,"04/20/19 20:07","662 Cherry St, San Francisco, CA 94016"
994,177504,"Google Phone",1,600,"04/10/19 14:39","19 Cedar St, Boston, MA 02215"
995,177504,"USB-C Charging Cable",1,11.95,"04/10/19 14:39","19 Cedar St, Boston, MA 02215"
996,177505,"ThinkPad Laptop",1,999.99,"04/30/19 16:04","823 Johnson St, Seattle, WA 98101"
997,177506,iPhone,1,700,"04/02/19 07:46","656 Pine St, Los Angeles, CA 90001"
998,177506,"Apple Airpods Headphones",1,150,"04/02/19 07:46","656 Pine St, Los Angeles, CA 90001"
999,177507,"AAA Batteries (4-pack)",1,2.99,"04/09/19 20:13","825 2nd St, Portland, OR 97035"
1000,177508,"Bose SoundSport Headphones",1,99.99,"04/07/19 06:45","845 Lakeview St, San Francisco, CA 94016"
